estLocus,Nomen,Textus,LEMMA,LEMMA CITE URN,MORPH CITE URN,ANNOTATOR INITIALS,CTS URN,SEQUENCE,,,,,,,,,,,,,,,,,
estlocus1,Abyla,"Limina , in Hispanam Calpen qua surgit Abyla",Abyla,urn:cite:perseus:latlexent.lex38.1,urn:cite:croala:latmorph.morph.6.1,AS,urn:cts:croala:bunic02.croala1761880.croala-lat2w:body.div1.l157.w7,974739.0,,,,,,,,,,,,,,,,,
estlocus4,Acheloe,"Seu fontes , Acheloe , tuos , si conspicit arma",Achelous,urn:cite:perseus:latlexent.lex84.1,urn:cite:croala:latmorph.morph.14.1,AS,urn:cts:croala:bunic02.croala1761880.croala-lat2w:body.div3.l122.w3,996809.0,,,,,,,,,,,,,,,,,
estlocus4,Achelous,Et flauus Tybris cornuque Achelous adempto,Achelous,urn:cite:perseus:latlexent.lex84.1,urn:cite:croala:latmorph.morph.13.1,AS,urn:cts:croala:bunic02.croala1761880.croala-lat2w:body.div1.l221.w5,977141.0,,,,,,,,,,,,,,,,,
estlocus1,Acheronque,Bellides implerunt Acheronque obmutuit undis .,Acheron,urn:cite:perseus:latlexent.lex87.1,urn:cite:croala:latmorph.morph.13.1,AS,urn:cts:croala:bunic02.croala1761880.croala-lat2w:body.div2.l104.w3,984476.0,,,,,,,,,,,,,,,,,
estlocus1,Acheronta,Aera per tenuem praeceps Acheronta sub imum,Acheron,urn:cite:perseus:latlexent.lex87.1,urn:cite:croala:latmorph.morph.8.1,AS,urn:cts:croala:bunic02.croala1761880.croala-lat2w:body.div3.l111.w5,996450.0,,,,,,,,,,,,,,,,,
estlocus1,Acheronte,Et quanquam sese quod saeuo Acheronte manebat,Acheron,urn:cite:perseus:latlexent.lex87.1,urn:cite:croala:latmorph.morph.9.1,AS,urn:cts:croala:bunic02.croala1761880.croala-lat2w:body.div1.l253.w6,978293.0,,,,,,,,,,,,,,,,,
estlocus1,Acheronte,"Pressa Acheronte truci , quae proelia uoce cieret",Acheron,urn:cite:perseus:latlexent.lex87.1,urn:cite:croala:latmorph.morph.9.1,AS,urn:cts:croala:bunic02.croala1761880.croala-lat2w:body.div2.l188.w2,987324.0,,,,,,,,,,,,,,,,,
estlocus1,Acheronte,Impius ex atro sontes Acheronte satelles,Acheron,urn:cite:perseus:latlexent.lex87.1,urn:cite:croala:latmorph.morph.9.1,AS,urn:cts:croala:bunic02.croala1761880.croala-lat2w:body.div3.l25.w5,993480.0,,,,,,,,,,,,,,,,,
estlocus1,Acherontis,Acherontis ad amnes,Acheron,urn:cite:perseus:latlexent.lex87.1,urn:cite:croala:latmorph.morph.11.1,AS,urn:cts:croala:bunic02.croala1761880.croala-lat2w:body.div1.l61.app.rdg1.w1,970861.0,,,,,,,,,,,,,,,,,
estlocus1,Acherontis,Sed si uictorem spoliis Acherontis iniqui,Acheron,urn:cite:perseus:latlexent.lex87.1,urn:cite:croala:latmorph.morph.11.1,AS,urn:cts:croala:bunic02.croala1761880.croala-lat2w:body.div2.l63.w5,983085.0,,,,,,,,,,,,,,,,,
estlocus1,Acherontis,Dictaei fratres saeuas Acherontis habenas,Acheron,urn:cite:perseus:latlexent.lex87.1,urn:cite:croala:latmorph.morph.11.1,AS,urn:cts:croala:bunic02.croala1761880.croala-lat2w:body.div3.l43.w4,994106.0,,,,,,,,,,,,,,,,,
estlocus1,Acherontis,Mille deos Acherontis agit . Hinc arduus instat,Acheron,urn:cite:perseus:latlexent.lex87.1,urn:cite:croala:latmorph.morph.11.1,AS,urn:cts:croala:bunic02.croala1761880.croala-lat2w:body.div3.l76.w3,995243.0,,,,,,,,,,,,,,,,,
estlocus1,Acherontis,Herculis aufugit moestas Acherontis in aedes .,Acheron,urn:cite:perseus:latlexent.lex87.1,urn:cite:croala:latmorph.morph.11.1,AS,urn:cts:croala:bunic02.croala1761880.croala-lat2w:body.div3.l160.w4,998063.0,,,,,,,,,,,,,,,,,
estlocus1,Acherontis,"Pallentes Acherontis aquae , silet igneus amnis",Acheron,urn:cite:perseus:latlexent.lex87.1,urn:cite:croala:latmorph.morph.11.1,AS,urn:cts:croala:bunic02.croala1761880.croala-lat2w:body.div3.l204.w2,999643.0,,,,,,,,,,,,,,,,,
estlocus1,Acheruntis,Acheruntis ad amnes,Acheruns,urn:cite:perseus:latlexent.lex91.1,urn:cite:croala:latmorph.morph.11.1,AS,urn:cts:croala:bunic02.croala1761880.croala-lat2w:body.div1.l61.app.rdg2.w1,970878.0,,,,,,,,,,,,,,,,,
estlocus1,Acheruntis,Acheruntis ad amnem,Acheruns,urn:cite:perseus:latlexent.lex91.1,urn:cite:croala:latmorph.morph.11.1,AS,urn:cts:croala:bunic02.croala1761880.croala-lat2w:body.div1.l61.app.rdg3.w1,970895.0,,,,,,,,,,,,,,,,,
estlocus1,Aethiopas,Aethiopas duplices axemque uidebat utrumque .,LEMMA,LEMMA CITE URN,MORPH CITE URN,ANNOTATOR,urn:cts:croala:bunic02.croala1761880.croala-lat2w:body.div3.l296.w1,1002891.0,,,,,,,,,,,,,,,,,
estlocus1,Aethiopum,Regna per Aethiopum . - - - Postquam genitoris adiuit,Aethiopus,urn:cite:perseus:latlexent.lex277.1,urn:cite:croala:latmorph.morph.114.1,AS,urn:cts:croala:bunic02.croala1761880.croala-lat2w:body.div1.l275.w3,979136.0,,,,,,,,,,,,,,,,,
estlocus1,Aetnae,Inarimes quique Enceladum subiecimus Aetnae,Aetna,urn:cite:perseus:latlexent.lex280.1,urn:cite:croala:latmorph.morph.4.1,AS,urn:cts:croala:bunic02.croala1761880.croala-lat2w:body.div2.l232.w5,988784.0,,,,,,,,,,,,,,,,,
estlocus1,Aetnaeis,"Taenara et Aetnaeis torrens Vulcanus ab antris ,",Aetnaeus,urn:cite:perseus:latlexent.lex281.1,urn:cite:croala:latmorph.morph.80.1,AS,urn:cts:croala:bunic02.croala1761880.croala-lat2w:body.div3.l129.w3,997080.0,,,,,,,,,,,,,,,,,
estlocus1,Aetnam,Pluto gerat uetitisque petat procursibus Aetnam .,Aetna,urn:cite:perseus:latlexent.lex280.1,urn:cite:croala:latmorph.morph.1.1,AS,urn:cts:croala:bunic02.croala1761880.croala-lat2w:body.div2.l200.w6,987736.0,,,,,,,,,,,,,,,,,
estlocus1,Aetnam,"Si super undantem flammis ardentibus Aetnam ,",Aetna,urn:cite:perseus:latlexent.lex280.1,urn:cite:croala:latmorph.morph.1.1,AS,urn:cts:croala:bunic02.croala1761880.croala-lat2w:body.div3.l261.w6,1001724.0,,,,,,,,,,,,,,,,,
estlocus1,Aidonei,Tanta tridentiferi facies erat Aidonei .,LEMMA,LEMMA CITE URN,MORPH CITE URN,ANNOTATOR,urn:cts:croala:bunic02.croala1761880.croala-lat2w:body.div3.l198.w5,999445.0,,,,,,,,,,,,,,,,,
estlocus1,Alpinis,"Alpinis extracta iugis , ac plaustra rotati rotato",Alpinus,urn:cite:perseus:latlexent.lex434.1,urn:cite:croala:latmorph.morph.80.1,AS,urn:cts:croala:bunic02.croala1761880.croala-lat2w:body.div1.l185.w1,975839.0,,,,,,,,,,,,,,,,,
estlocus4,Amphitoique,"Amphitoique comis in candida colla solutis ,",LEMMA,LEMMA CITE URN,MORPH CITE URN,ANNOTATOR,urn:cts:croala:bunic02.croala1761880.croala-lat2w:body.div1.l165.w1,975043.0,,,,,,,,,,,,,,,,,
estlocus4,Amphitrite,Omnia multiparens complectitur amplectitur Amphitrite,LEMMA,LEMMA CITE URN,MORPH CITE URN,ANNOTATOR,urn:cts:croala:bunic02.croala1761880.croala-lat2w:body.div1.l238.w3,977810.0,,,,,,,,,,,,,,,,,
estlocus1,Andini,Adsitis : sequor Andini uestigia uatis .,Andinus,urn:cite:perseus:latlexent.lex561.1,urn:cite:croala:latmorph.morph.71.1,AS,urn:cts:croala:bunic02.croala1761880.croala-lat2w:body.div1.l32.w3,969895.0,,,,,,,,,,,,,,,,,
estlocus1,Arar,Sperchius et Arar,Arar,urn:cite:perseus:latlexent.lex756.1,urn:cite:croala:latmorph.morph.13.1,AS,urn:cts:croala:bunic02.croala1761880.croala-lat2w:body.div1.l219.app.rdg2.w3,977059.0,,,,,,,,,,,,,,,,,
estlocus1,Arcada,Sarcophagi : uolucrem mihi Iuppiter Arcada caelo,LEMMA,LEMMA CITE URN,MORPH CITE URN,ANNOTATOR,urn:cts:croala:bunic02.croala1761880.croala-lat2w:body.div2.l66.w5,983188.0,,,,,,,,,,,,,,,,,
estlocus1,Arcas,"Et celer annexis uenerat aderat talaribus Arcas ,",LEMMA,LEMMA CITE URN,MORPH CITE URN,ANNOTATOR,urn:cts:croala:bunic02.croala1761880.croala-lat2w:body.div1.l292.w5,979863.0,,,,,,,,,,,,,,,,,
estlocus1,Arcas,"Elicit hinc manes , hic suffocat suprimit impius Arcas .",LEMMA,LEMMA CITE URN,MORPH CITE URN,ANNOTATOR,urn:cts:croala:bunic02.croala1761880.croala-lat2w:body.div1.l297.w6,980076.0,,,,,,,,,,,,,,,,,
estlocus1,Arethusa,"Candida siccabat madidos Arethusa capillos ,",LEMMA,LEMMA CITE URN,MORPH CITE URN,ANNOTATOR,urn:cts:croala:bunic02.croala1761880.croala-lat2w:body.div1.l124.w4,973370.0,,,,,,,,,,,,,,,,,
estlocus1,Asiam,"Iudicat atque Asiam magnam , peccataque Minos",Asia,urn:cite:croala:latlexent.lex38242.1,urn:cite:croala:latmorph.morph.1.1,AS,urn:cts:croala:bunic02.croala1761880.croala-lat2w:body.div3.l47.w3,994222.0,,,,,,,,,,,,,,,,,
estlocus1,Assyrios,Ac uelut Assyrios saltus aut Syrtica linquens,Assyrius,urn:cite:croala:latlexent.lex50061.1,urn:cite:croala:latmorph.morph.62.1,AS,urn:cts:croala:bunic02.croala1761880.croala-lat2w:body.div3.l259.w3,1001646.0,,,,,,,,,,,,,,,,,
estlocus1,Athos,"Quantus Olympus , Athos quantus , uel nubifer Atlas",Athos,urn:cite:perseus:latlexent.lex1027.1,urn:cite:croala:latmorph.morph.13.1,AS,urn:cts:croala:bunic02.croala1761880.croala-lat2w:body.div3.l194.w3,999297.0,,,,,,,,,,,,,,,,,
estlocus4,Atlas,"Quantus Olympus , Athos quantus , uel nubifer Atlas",Atlas,urn:cite:perseus:latlexent.lex1037.1,urn:cite:croala:latmorph.morph.13.1,AS,urn:cts:croala:bunic02.croala1761880.croala-lat2w:body.div3.l194.w7,999317.0,,,,,,,,,,,,,,,,,
estlocus4,Atlas,"Atlas obstupuit , te tela trisulca ferentem",Atlas,urn:cite:perseus:latlexent.lex1037.1,urn:cite:croala:latmorph.morph.13.1,AS,urn:cts:croala:bunic02.croala1761880.croala-lat2w:body.div3.l342.w1,1004361.0,,,,,,,,,,,,,,,,,
estlocus1,Auentinum,"Acer Auentinum , tu templa Lacinia condis .",Aventinus,urn:cite:perseus:latlexent.lex1137.1,urn:cite:croala:latmorph.morph.13.1,AS,urn:cts:croala:bunic02.croala1761880.croala-lat2w:body.div3.l340.w2,1004299.0,,,,,,,,,,,,,,,,,
estlocus1,Auerni,Principio ad fauces tetri stabulantur Auerni,Avernus,urn:cite:perseus:latlexent.lex1139.1,urn:cite:croala:latmorph.morph.11.1,AS,urn:cts:croala:bunic02.croala1761880.croala-lat2w:body.div1.l33.w6,969936.0,,,,,,,,,,,,,,,,,
estlocus1,Auerni,Nunc igitur ne fama prior neu clarus Auerni,Avernus,urn:cite:perseus:latlexent.lex1139.1,urn:cite:croala:latmorph.morph.11.1,AS,urn:cts:croala:bunic02.croala1761880.croala-lat2w:body.div2.l245.w8,989249.0,,,,,,,,,,,,,,,,,
estlocus1,Auerni,Et sonitu tetri domus atra resultat Auerni .,Avernus,urn:cite:perseus:latlexent.lex1139.1,urn:cite:croala:latmorph.morph.11.1,AS,urn:cts:croala:bunic02.croala1761880.croala-lat2w:body.div3.l244.w7,1001163.0,,,,,,,,,,,,,,,,,
estlocus1,Auerni,"Victor adit spoliis et munere laetus Auerni ,",Avernus,urn:cite:perseus:latlexent.lex1139.1,urn:cite:croala:latmorph.morph.11.1,AS,urn:cts:croala:bunic02.croala1761880.croala-lat2w:body.div3.l273.w7,1002128.0,,,,,,,,,,,,,,,,,
estlocus1,Auernum,"Subiecit uictrixque ferum spoliauit Auernum ,",Avernus,urn:cite:perseus:latlexent.lex1139.1,urn:cite:croala:latmorph.morph.8.1,AS,urn:cts:croala:bunic02.croala1761880.croala-lat2w:body.div3.l289.w5,1002668.0,,,,,,,,,,,,,,,,,
estlocus1,Auernus,"Iam pridem cupio , nec me crassator Auernus",Avernus,urn:cite:perseus:latlexent.lex1139.1,urn:cite:croala:latmorph.morph.13.1,AS,urn:cts:croala:bunic02.croala1761880.croala-lat2w:body.div2.l298.w7,991102.0,,,,,,,,,,,,,,,,,
estlocus4,Berecynthia,Alma quibus uehitur diuum Berecynthia mater .,Berecynthius,urn:cite:croala:latlexent.lex50069.1,urn:cite:croala:latmorph.morph.108.1,AS,urn:cts:croala:bunic02.croala1761880.croala-lat2w:body.div1.l289.w5,979692.0,,,,,,,,,,,,,,,,,
estlocus1,Bistonio,"Te quoque Bistonio qui quadrupedante superbis ,",LEMMA,LEMMA CITE URN,MORPH CITE URN,ANNOTATOR,urn:cts:croala:bunic02.croala1761880.croala-lat2w:body.div3.l185.w3,998980.0,,,,,,,,,,,,,,,,,
estlocus1,Calabro,Hic Ephyrea ratis Calabro resoluta Tarento,Calaber,urn:cite:croala:latlexent.lex50065.1,urn:cite:croala:latmorph.morph.135.1,AS,urn:cts:croala:bunic02.croala1761880.croala-lat2w:body.div3.l308.w4,1003291.0,,,,,,,,,,,,,,,,,
estlocus1,Calpen,"Limina , in Hispanam Calpen qua surgit Abyla",Calpe,urn:cite:perseus:latlexent.lex1686.1,urn:cite:croala:latmorph.morph.1.1,AS,urn:cts:croala:bunic02.croala1761880.croala-lat2w:body.div1.l157.w4,974727.0,,,,,,,,,,,,,,,,,
estlocus1,Cantabria,"Pectora turbabat , ueluti Cantabria cautes",Cantaber,urn:cite:perseus:latlexent.lex1741.1,urn:cite:croala:latmorph.morph.89.1,AS,urn:cts:croala:bunic02.croala1761880.croala-lat2w:body.div2.l202.w4,987794.0,,,,,,,,,,,,,,,,,
estlocus1,Carthago,Perfida Carthago deuictaque Pergama flammis,Carthago,urn:cite:perseus:latlexent.lex1827.1,urn:cite:croala:latmorph.morph.6.1,AS,urn:cts:croala:bunic02.croala1761880.croala-lat2w:body.div1.l18.w2,969409.0,,,,,,,,,,,,,,,,,
estlocus1,Caucasei,"Quantaque Caucasei dorsi iuga , quanta Pachinni",Caucasus,urn:cite:perseus:latlexent.lex1909.1,urn:cite:croala:latmorph.morph.123.1,AS,urn:cts:croala:bunic02.croala1761880.croala-lat2w:body.div3.l196.w2,999367.0,,,,,,,,,,,,,,,,,
estlocus1,Caycus,"Dalmaticus Naron , Phasis Phrygiusque Caycus ,",Caycus,urn:cite:perseus:latlexent.lex1919.1,urn:cite:croala:latmorph.morph.13.1,AS,urn:cts:croala:bunic02.croala1761880.croala-lat2w:body.div1.l225.w5,977283.0,,,,,,,,,,,,,,,,,
estlocus1,Chaonius,Vt quum Chaonius quondam latrator euntis,Chaonius,urn:cite:perseus:latlexent.lex2037.1,urn:cite:croala:latmorph.morph.126.1,AS,urn:cts:croala:bunic02.croala1761880.croala-lat2w:body.div2.l166.w3,986610.0,,,,,,,,,,,,,,,,,
estlocus4,Chaos,"Ferre nefas , res prima , Chaos , quae rite silendo",LEMMA,LEMMA CITE URN,MORPH CITE URN,ANNOTATOR,urn:cts:croala:bunic02.croala1761880.croala-lat2w:body.div3.l209.w5,999860.0,,,,,,,,,,,,,,,,,
estlocus1,Chimaera,Fumantes horrenda globos terno ore Chimaera .,LEMMA,LEMMA CITE URN,MORPH CITE URN,ANNOTATOR,urn:cts:croala:bunic02.croala1761880.croala-lat2w:body.div1.l39.w6,970152.0,,,,,,,,,,,,,,,,,
estlocus1,Chimaerae,Flammiferae seu templa colis Patarea Chimaerae .,LEMMA,LEMMA CITE URN,MORPH CITE URN,ANNOTATOR,urn:cts:croala:bunic02.croala1761880.croala-lat2w:body.div1.l13.w6,969248.0,,,,,,,,,,,,,,,,,
estlocus1,Cocyte,"Et ripis , Cocyte , tuis graue labile flumen .",Cocytus,urn:cite:perseus:latlexent.lex2275.1,urn:cite:croala:latmorph.morph.14.1,AS,urn:cts:croala:bunic02.croala1761880.croala-lat2w:body.div3.l205.w3,999684.0,,,,,,,,,,,,,,,,,
estlocus1,Cocyti,Sed neque Cocyti nox importuna nec Orci,Cocytus,urn:cite:perseus:latlexent.lex2275.1,,AS,urn:cts:croala:bunic02.croala1761880.croala-lat2w:body.div2.l257.w3,989645.0,,,,,,,,,,,,,,,,,
estlocus1,Colchon,"Colchon , et Oethei ducebat Phasydos undas ,",Colchis,urn:cite:perseus:latlexent.lex2289.1,urn:cite:croala:latmorph.morph.8.1,AS,urn:cts:croala:bunic02.croala1761880.croala-lat2w:body.div1.l116.w1,973041.0,,,,,,,,,,,,,,,,,
estlocus1,Corinthiaco,Mira Corinthiaco narrabat facta tyranno .,Corinthiacus,urn:cite:croala:latlexent.lex50066.1,urn:cite:croala:latmorph.morph.117.1,AS,urn:cts:croala:bunic02.croala1761880.croala-lat2w:body.div3.l327.w2,1003862.0,,,,,,,,,,,,,,,,,
estlocus1,Cyllenia,Sed lyra iam reticet lassi Cyllenia Phoebi .,Cyllenius,urn:cite:perseus:latlexent.lex2575.1,urn:cite:croala:latmorph.morph.108.1,AS,urn:cts:croala:bunic02.croala1761880.croala-lat2w:body.div3.l347.w6,1004550.0,,,,,,,,,,,,,,,,,
estlocus1,Cyllenis,Cyllenis fidibus uoces imitata canentis .,Cyllene,urn:cite:perseus:latlexent.lex2574.1,urn:cite:croala:latmorph.morph.22.1,AS,urn:cts:croala:bunic02.croala1761880.croala-lat2w:body.div2.l95.w1,984191.0,,,,,,,,,,,,,,,,,
estlocus4,Cyntho,Seu tua Latoo potius cunabula Cyntho,Cynthus,urn:cite:perseus:latlexent.lex2600.1,urn:cite:croala:latmorph.morph.9.1,AS,urn:cts:croala:bunic02.croala1761880.croala-lat2w:body.div1.l12.w6,969219.0,,,,,,,,,,,,,,,,,
estlocus4,Cypria,"Cypria diua , geris candenti in corpore uulnus . """,Cyprius,urn:cite:perseus:latlexent.lex2610.1,urn:cite:croala:latmorph.morph.111.1,AS,urn:cts:croala:bunic02.croala1761880.croala-lat2w:body.div3.l189.w1,999100.0,,,,,,,,,,,,,,,,,
estlocus4,Cytheri,Siluas Idalii et nemus Cytheri,LEMMA,LEMMA CITE URN,MORPH CITE URN,ANNOTATOR,urn:cts:croala:bunic02.croala1761880.croala-lat2w:front.app2.rdg2.div.l2.w5,967875.0,,,,,,,,,,,,,,,,,
estlocus1,Dalmaticus,"Dalmaticus Naron , Phasis Phrygiusque Caycus ,",Dalmaticus,urn:cite:croala:latlexent.lext89179.1,urn:cite:croala:latmorph.morph.126.1,AS,urn:cts:croala:bunic02.croala1761880.croala-lat2w:body.div1.l225.w1,977263.0,,,,,,,,,,,,,,,,,
estlocus1,Dardana,"Mox ait , "" ad caelum raptus , quoi Dardana pubes",Dardanus,urn:cite:perseus:latlexent.lex2688.1,urn:cite:croala:latmorph.morph.108.1,AS,urn:cts:croala:bunic02.croala1761880.croala-lat2w:body.div1.l260.w7,978540.0,,,,,,,,,,,,,,,,,
estlocus1,Delphinas,Delphinas stimulate uagos ! Cristalla ferantur,LEMMA,LEMMA CITE URN,MORPH CITE URN,ANNOTATOR,urn:cts:croala:bunic02.croala1761880.croala-lat2w:body.div1.l180.w1,975630.0,,,,,,,,,,,,,,,,,
estlocus4,Dictaei,Dictaei fratres saeuas Acherontis habenas,Dictaeus,urn:cite:perseus:latlexent.lex2781.1,urn:cite:croala:latmorph.morph.71.1,AS,urn:cts:croala:bunic02.croala1761880.croala-lat2w:body.div3.l43.w1,994094.0,,,,,,,,,,,,,,,,,
estlocus1,Dircaei,"Obtestor Phoebi et Dircaei Amphionis urbem ,",Dircaeus,urn:cite:croala:latlexent.lext89184.1,urn:cite:croala:latmorph.morph.123.1,AS,urn:cts:croala:bunic02.croala1761880.croala-lat2w:body.div2.l47.w4,982462.0,,,,,,,,,,,,,,,,,
estlocus4,Dis,"Dis pater , ignitis produnt quae faucibus alta",LEMMA,LEMMA CITE URN,MORPH CITE URN,ANNOTATOR,urn:cts:croala:bunic02.croala1761880.croala-lat2w:body.div3.l128.w1,997035.0,,,,,,,,,,,,,,,,,
estlocus4,Dis,Dis impune putans ad apertos emicat artus,Dis,urn:cite:perseus:latlexent.lex2834.1,urn:cite:croala:latmorph.morph.13.1,AS,urn:cts:croala:bunic02.croala1761880.croala-lat2w:body.div3.l241.w1,1001036.0,,,,,,,,,,,,,,,,,
estlocus4,Ditem,"Demittet , uincat linguae qui fulmine Ditem",LEMMA,LEMMA CITE URN,MORPH CITE URN,ANNOTATOR,urn:cts:croala:bunic02.croala1761880.croala-lat2w:body.div2.l67.w6,983225.0,,,,,,,,,,,,,,,,,
estlocus4,Ditem,Excipiuntque graui nutantem uulnere Ditem,Dis,urn:cite:perseus:latlexent.lex2834.1,urn:cite:croala:latmorph.morph.8.1,AS,urn:cts:croala:bunic02.croala1761880.croala-lat2w:body.div3.l250.w5,1001349.0,,,,,,,,,,,,,,,,,
estlocus4,Diti,"Alcidae magni , Diti quoque cognita summi",LEMMA,LEMMA CITE URN,MORPH CITE URN,ANNOTATOR,urn:cts:croala:bunic02.croala1761880.croala-lat2w:body.div3.l150.w3,997745.0,,,,,,,,,,,,,,,,,
estlocus4,Ditis,"Spartano praetenta sinu , qua Ditis anhelat",LEMMA,LEMMA CITE URN,MORPH CITE URN,ANNOTATOR,urn:cts:croala:bunic02.croala1761880.croala-lat2w:body.div1.l23.w5,969598.0,,,,,,,,,,,,,,,,,
estlocus4,Ditis,Sospes et ad dominam Ditis sua munera ferre .,Dis,urn:cite:perseus:latlexent.lex2834.1,urn:cite:croala:latmorph.morph.11.1,AS,urn:cts:croala:bunic02.croala1761880.croala-lat2w:body.div2.l87.w5,983955.0,,,,,,,,,,,,,,,,,
estlocus4,Ditis,Fas mihi sit patrui sedes inuisere Ditis ? !,LEMMA,LEMMA CITE URN,MORPH CITE URN,ANNOTATOR,urn:cts:croala:bunic02.croala1761880.croala-lat2w:body.div2.l113.w7,984781.0,,,,,,,,,,,,,,,,,
estlocus4,Ditis,Ditis,Dis,urn:cite:perseus:latlexent.lex2835.1,urn:cite:croala:latmorph.morph.123.1,AS,urn:cts:croala:bunic02.croala1761880.croala-lat2w:body.div2.l145.app.rdg2.w,985919.0,,,,,,,,,,,,,,,,,
estlocus4,Ditis,Ille fuga uersus petit alta sedilia Ditis .,Dis,urn:cite:perseus:latlexent.lex2835.1,urn:cite:croala:latmorph.morph.11.1,AS,urn:cts:croala:bunic02.croala1761880.croala-lat2w:body.div2.l165.w7,986589.0,,,,,,,,,,,,,,,,,
estlocus4,Ditis,Clamosumque forum nigram stat Ditis ad aulam,Dis,urn:cite:perseus:latlexent.lex2835.1,urn:cite:croala:latmorph.morph.11.1,AS,urn:cts:croala:bunic02.croala1761880.croala-lat2w:body.div2.l264.w5,989884.0,,,,,,,,,,,,,,,,,
estlocus4,Ditis,Imperiumque tenent umbrarum atque impia Ditis,Dis,urn:cite:perseus:latlexent.lex2835.1,urn:cite:croala:latmorph.morph.11.1,AS,urn:cts:croala:bunic02.croala1761880.croala-lat2w:body.div3.l44.w6,994139.0,,,,,,,,,,,,,,,,,
estlocus4,Ditis,"Ardescunt animi Ditis , procul exulat omnis",LEMMA,LEMMA CITE URN,MORPH CITE URN,ANNOTATOR,urn:cts:croala:bunic02.croala1761880.croala-lat2w:body.div3.l191.w3,999190.0,,,,,,,,,,,,,,,,,
estlocus4,Ditis,Ditis ad insultum telique tricuspidis ictum .,Dis,urn:cite:perseus:latlexent.lex2834.1,urn:cite:croala:latmorph.morph.11.1,AS,urn:cts:croala:bunic02.croala1761880.croala-lat2w:body.div3.l240.w1,1001003.0,,,,,,,,,,,,,,,,,
estlocus4,Ditis,En tua progenies sacraria Ditis auari,LEMMA,LEMMA CITE URN,MORPH CITE URN,ANNOTATOR,urn:cts:croala:bunic02.croala1761880.croala-lat2w:body.div3.l288.w5,1002639.0,,,,,,,,,,,,,,,,,
estlocus1,Elysium,"Qua regit Elysium , qua Tartara quaque sub imo uoraci",Elysium,urn:cite:perseus:latlexent.lex2978.1,urn:cite:croala:latmorph.morph.30.1,AS,urn:cts:croala:bunic02.croala1761880.croala-lat2w:body.div1.l295.w3,979942.0,,,,,,,,,,,,,,,,,
estlocus1,Elysium,"Sensit et Elysium longe nemus , audiit omnis",Elysium,urn:cite:perseus:latlexent.lex2978.1,urn:cite:croala:latmorph.morph.15.1,AS,urn:cts:croala:bunic02.croala1761880.croala-lat2w:body.div2.l193.w3,987493.0,,,,,,,,,,,,,,,,,
estlocus1,Eoas,"Aeacus Europae gentes , Rhadamantus Eoas",LEMMA,LEMMA CITE URN,MORPH CITE URN,ANNOTATOR,urn:cts:croala:bunic02.croala1761880.croala-lat2w:body.div3.l46.w5,994205.0,,,,,,,,,,,,,,,,,
estlocus1,Eoas,"Arua draco siluasue procul cristatus Eoas ,",Eous,urn:cite:perseus:latlexent.lex3005.1,urn:cite:croala:latmorph.morph.41.1,AS,urn:cts:croala:bunic02.croala1761880.croala-lat2w:body.div3.l260.w6,1001691.0,,,,,,,,,,,,,,,,,
estlocus1,Eoo,""" Postera ab Eoo roseis inuecta quadrigis",LEMMA,LEMMA CITE URN,MORPH CITE URN,ANNOTATOR,urn:cts:croala:bunic02.croala1761880.croala-lat2w:body.div2.l1.w3,980902.0,,,,,,,,,,,,,,,,,
estlocus1,Ephyrea,Hic Ephyrea ratis Calabro resoluta Tarento,Ephyreus,urn:cite:croala:latlexent.lex50064.1,urn:cite:croala:latmorph.morph.108.1,AS,urn:cts:croala:bunic02.croala1761880.croala-lat2w:body.div3.l308.w2,1003283.0,,,,,,,,,,,,,,,,,
estlocus1,Ephyreas,Parte alia ueniens Ephyreas laetus ad arces,Ephyreus,urn:cite:croala:latlexent.lex50064.1,urn:cite:croala:latmorph.morph.41.1,AS,urn:cts:croala:bunic02.croala1761880.croala-lat2w:body.div3.l326.w4,1003837.0,,,,,,,,,,,,,,,,,
estlocus4,Erebi,Et caligantes Erebi deuenit ad umbras .,LEMMA,LEMMA CITE URN,MORPH CITE URN,ANNOTATOR,urn:cts:croala:bunic02.croala1761880.croala-lat2w:body.div1.l27.w3,969714.0,,,,,,,,,,,,,,,,,
estlocus4,Erebi,""" Thracius ad sedes Erebi descendere uates",Erebus,urn:cite:perseus:latlexent.lex3053.1,urn:cite:croala:latmorph.morph.11.1,AS,urn:cts:croala:bunic02.croala1761880.croala-lat2w:body.div2.l109.w4,984645.0,,,,,,,,,,,,,,,,,
estlocus4,Erebi,Iussit adire domos Erebi Stygiamque paludem,Erebus,urn:cite:perseus:latlexent.lex3053.1,urn:cite:croala:latmorph.morph.11.1,AS,urn:cts:croala:bunic02.croala1761880.croala-lat2w:body.div2.l115.w4,984847.0,,,,,,,,,,,,,,,,,
estlocus4,Erebi,""" O mihi bellorum comites , Erebi effera proles ,",Erebus,urn:cite:perseus:latlexent.lex3053.1,urn:cite:croala:latmorph.morph.11.1,AS,urn:cts:croala:bunic02.croala1761880.croala-lat2w:body.div2.l227.w5,988619.0,,,,,,,,,,,,,,,,,
estlocus4,Erebi,Deinde deos Erebi precibus compellat amicis :,Erebus,urn:cite:perseus:latlexent.lex3053.1,urn:cite:croala:latmorph.morph.11.1,AS,urn:cts:croala:bunic02.croala1761880.croala-lat2w:body.div3.l206.w3,999725.0,,,,,,,,,,,,,,,,,
estlocus4,Erebo,"Atraque nigrantes Erebo nox intulit alas ,",Erebus,urn:cite:perseus:latlexent.lex3053.1,urn:cite:croala:latmorph.morph.10.1,AS,urn:cts:croala:bunic02.croala1761880.croala-lat2w:body.div2.l4.w3,980993.0,,,,,,,,,,,,,,,,,
estlocus4,Erebum,Erebum,Erebus,urn:cite:perseus:latlexent.lex3053.1,urn:cite:croala:latmorph.morph.8.1,AS,urn:cts:croala:bunic02.croala1761880.croala-lat2w:body.div1.l287.app.rdg1.w,979603.0,,,,,,,,,,,,,,,,,
estlocus4,Erebum,"Magna parens , Erebum medio quae claudis in antro ,",Erebus,urn:cite:perseus:latlexent.lex3053.1,urn:cite:croala:latmorph.morph.8.1,AS,urn:cts:croala:bunic02.croala1761880.croala-lat2w:body.div3.l213.w3,1000004.0,,,,,,,,,,,,,,,,,
estlocus1,Eridanus,"Corniger Eridanus , Liparis , Moedusque Nyphates",Eridanus,urn:cite:perseus:latlexent.lex3063.1,urn:cite:croala:latmorph.morph.13.1,AS,urn:cts:croala:bunic02.croala1761880.croala-lat2w:body.div1.l227.w2,977333.0,,,,,,,,,,,,,,,,,
estlocus1,Europae,"Aeacus Europae gentes , Rhadamantus Eoas",Europa,urn:cite:croala:latlexent.lex26446.1,urn:cite:croala:latmorph.morph.4.1,AS,urn:cts:croala:bunic02.croala1761880.croala-lat2w:body.div3.l46.w2,994189.0,,,,,,,,,,,,,,,,,
estlocus1,Eurotas,Laurifer Eurotas et nigro excussus ab Orco,Eurotas,urn:cite:perseus:latlexent.lex3137.1,urn:cite:croala:latmorph.morph.13.1,AS,urn:cts:croala:bunic02.croala1761880.croala-lat2w:body.div1.l226.w2,977300.0,,,,,,,,,,,,,,,,,
estlocus1,Gallae,Atque leues Gallae et furibundae sacra Cybelles .,LEMMA,LEMMA CITE URN,MORPH CITE URN,ANNOTATOR,urn:cts:croala:bunic02.croala1761880.croala-lat2w:body.div1.l264.w3,978664.0,,,,,,,,,,,,,,,,,
estlocus1,Gargara,Et quantis Idaea iugis se Gargara tollunt,Gargara,urn:cite:perseus:latlexent.lex3396.1,urn:cite:croala:latmorph.morph.37.1,AS,urn:cts:croala:bunic02.croala1761880.croala-lat2w:body.div3.l197.w6,999416.0,,,,,,,,,,,,,,,,,
estlocus1,Gerionesque,"Stant prope , Gerionesque triceps procul aufugit hostem ,",LEMMA,LEMMA CITE URN,MORPH CITE URN,ANNOTATOR,urn:cts:croala:bunic02.croala1761880.croala-lat2w:body.div1.l42.w3,970239.0,,,,,,,,,,,,,,,,,
estlocus1,Germanosque,Germanosque Ioues diuisaque regna canebat .,LEMMA,LEMMA CITE URN,MORPH CITE URN,ANNOTATOR,urn:cts:croala:bunic02.croala1761880.croala-lat2w:body.div2.l99.w1,984315.0,,,,,,,,,,,,,,,,,
estlocus1,Getas,"Bellaces inferre Getas , fremit arduus , armi",Getae,urn:cite:perseus:latlexent.lex3452.1,urn:cite:croala:latmorph.morph.41.1,AS,urn:cts:croala:bunic02.croala1761880.croala-lat2w:body.div3.l123.w3,996850.0,,,,,,,,,,,,,,,,,
estlocus1,Gnosiaci,Me quoque Gnosiaci qui quaesitoris acerbum,Gnosiacus,urn:cite:croala:latlexent.lex50021.1,urn:cite:croala:latmorph.morph.123.1,AS,urn:cts:croala:bunic02.croala1761880.croala-lat2w:body.div2.l283.w3,990555.0,,,,,,,,,,,,,,,,,
estlocus1,Gnosius,Gnosius et residens celsa quaesitor in arce,Gnosius,urn:cite:perseus:latlexent.lex3483.1,urn:cite:croala:latmorph.morph.126.1,AS,urn:cts:croala:bunic02.croala1761880.croala-lat2w:body.div2.l265.w1,989901.0,,,,,,,,,,,,,,,,,
estlocus4,Helicona,"Adsis , o Helicona tuens Iouis alma propago ,",Helicon,urn:cite:perseus:latlexent.lex3652.1,urn:cite:croala:latmorph.morph.8.1,AS,urn:cts:croala:bunic02.croala1761880.croala-lat2w:body.div1.l7.w3,969022.0,,,,,,,,,,,,,,,,,
estlocus1,Hellespontiacos,Hellespontiacos portus Argoa carina,Hellespontiacus,urn:cite:croala:latlexent.lext89177.1,urn:cite:croala:latmorph.morph.62.1,AS,urn:cts:croala:bunic02.croala1761880.croala-lat2w:body.div1.l113.w1,972954.0,,,,,,,,,,,,,,,,,
estlocus1,Hesperidum,"Hesperidum : "" Tu terrigenas , inuicte , Gigantes",Hesperis,urn:cite:perseus:latlexent.lex3752.1,urn:cite:croala:latmorph.morph.24.1,AS,urn:cts:croala:bunic02.croala1761880.croala-lat2w:body.div3.l337.w1,1004188.0,,,,,,,,,,,,,,,,,
estlocus1,Hispanam,"Limina , in Hispanam Calpen qua surgit Abyla",Hispanus,urn:cite:perseus:latlexent.lex3819.1,urn:cite:croala:latmorph.morph.96.1,AS,urn:cts:croala:bunic02.croala1761880.croala-lat2w:body.div1.l157.w3,974723.0,,,,,,,,,,,,,,,,,
estlocus1,Ida,""" Foelix Troianus Phrygia uenator ab Ida """,Ida,urn:cite:perseus:latlexent.lex3964.1,urn:cite:croala:latmorph.morph.2.1,AS,urn:cts:croala:bunic02.croala1761880.croala-lat2w:body.div1.l259.w6,978491.0,,,,,,,,,,,,,,,,,
estlocus1,Idaea,Et quantis Idaea iugis se Gargara tollunt,Idaeus,urn:cite:perseus:latlexent.lex3965.1,urn:cite:croala:latmorph.morph.89.1,AS,urn:cts:croala:bunic02.croala1761880.croala-lat2w:body.div3.l197.w3,999404.0,,,,,,,,,,,,,,,,,
estlocus1,Idalii,Siluas Idalii et nemus Cytheri,Idalium,urn:cite:perseus:latlexent.lex3967.1,urn:cite:croala:latmorph.morph.18.1,AS,urn:cts:croala:bunic02.croala1761880.croala-lat2w:front.app2.rdg2.div.l2.w2,967863.0,,,,,,,,,,,,,,,,,
estlocus1,Idalio,Idalio saltu : hic miseros amor urit amantes .,Idalium,urn:cite:perseus:latlexent.lex3967.1,urn:cite:croala:latmorph.morph.16.1,AS,urn:cts:croala:bunic02.croala1761880.croala-lat2w:body.div2.l318.w1,991754.0,,,,,,,,,,,,,,,,,
estlocus1,Ilerda,"Sperchios , Ilerda ,",Ilerda,urn:cite:perseus:latlexent.lex3985.1,urn:cite:croala:latmorph.morph.6.1,AS,urn:cts:croala:bunic02.croala1761880.croala-lat2w:body.div1.l219.app.rdg1.w2,977038.0,,,,,,,,,,,,,,,,,
estlocus1,Illyrico,Ister et Illyrico ueniens a littore Narbon .,Illyricus,urn:cite:perseus:latlexent.lex4009.1,urn:cite:croala:latmorph.morph.135.1,AS,urn:cts:croala:bunic02.croala1761880.croala-lat2w:body.div1.l229.w3,977399.0,,,,,,,,,,,,,,,,,
estlocus1,Inarimes,Inarimes quique Enceladum subiecimus Aetnae,Inarime,urn:cite:perseus:latlexent.lex4030.1,urn:cite:croala:latmorph.morph.4.1,AS,urn:cts:croala:bunic02.croala1761880.croala-lat2w:body.div2.l232.w1,988768.0,,,,,,,,,,,,,,,,,
estlocus1,Inda,Qualis ubi in domibus magnis auis Inda puellis,Indus,urn:cite:perseus:latlexent.lex4038.1,urn:cite:croala:latmorph.morph.108.1,AS,urn:cts:croala:bunic02.croala1761880.croala-lat2w:body.div1.l203.w7,976459.0,,,,,,,,,,,,,,,,,
estlocus1,Inferna,Inferna Stygium de regione canem .,LEMMA,LEMMA CITE URN,MORPH CITE URN,ANNOTATOR,urn:cts:croala:bunic02.croala1761880.croala-lat2w:back.app.rdg1.div.l2.w1,1004701.0,,,,,,,,,,,,,,,,,
estlocus1,Infernaeque,"Infernaeque domus , quo tempore matris ab aluo",LEMMA,LEMMA CITE URN,MORPH CITE URN,ANNOTATOR,urn:cts:croala:bunic02.croala1761880.croala-lat2w:body.div3.l154.w1,997849.0,,,,,,,,,,,,,,,,,
estlocus1,Ister,Ister et Illyrico ueniens a littore Narbon .,Ister,urn:cite:perseus:latlexent.lex4135.1,urn:cite:croala:latmorph.morph.13.1,AS,urn:cts:croala:bunic02.croala1761880.croala-lat2w:body.div1.l229.w1,977391.0,,,,,,,,,,,,,,,,,
estlocus1,Lacaenis,Virginibus satyros cupiens miscere Lacaenis .,Lacaena,urn:cite:perseus:latlexent.lex4261.1,,AS,urn:cts:croala:bunic02.croala1761880.croala-lat2w:body.div1.l216.w5,976932.0,,,,,,,,,,,,,,,,,
estlocus1,Lacinia,"Acer Auentinum , tu templa Lacinia condis .",Lacinius,urn:cite:croala:latlexent.lex50068.1,urn:cite:croala:latmorph.morph.89.1,AS,urn:cts:croala:bunic02.croala1761880.croala-lat2w:body.div3.l340.w5,1004315.0,,,,,,,,,,,,,,,,,
estlocus1,Laethes,Fas Phlegetonte tenet placidoque in flumine Laethes,Laethe,urn:cite:croala:latlexent.lex50070.1,urn:cite:croala:latmorph.morph.4.1,AS,urn:cts:croala:bunic02.croala1761880.croala-lat2w:body.div1.l296.w7,980017.0,,,,,,,,,,,,,,,,,
estlocus1,Laeuiathan,"Laeuiathan , crines flauos arrectaque pulchrae",LEMMA,LEMMA CITE URN,MORPH CITE URN,ANNOTATOR,urn:cts:croala:bunic02.croala1761880.croala-lat2w:body.div3.l77.w1,995272.0,,,,,,,,,,,,,,,,,
estlocus1,Laomedontida,"Aequoreoque rapis tu Laomedontida monstro . """,LEMMA,LEMMA CITE MORPH,MORPH CITE URN,ANNOTATOR,urn:cts:croala:bunic02.croala1761880.croala-lat2w:body.div3.l345.w4,1004468.0,,,,,,,,,,,,,,,,,
estlocus1,Lapithas,Lapithas,LEMMA,LEMMA CITE URN,MORPH CITE URN,ANNOTATOR,urn:cts:croala:bunic02.croala1761880.croala-lat2w:body.div1.l77.app.rdg3.w,971453.0,,,,,,,,,,,,,,,,,
estlocus1,Lapitum,""" Rex Lapitum , armisoni proles a sanguine Martis ,",LEMMA,LEMMA CITE URN,MORPH CITE URN,ANNOTATOR,urn:cts:croala:bunic02.croala1761880.croala-lat2w:body.div2.l331.w2,992219.0,,,,,,,,,,,,,,,,,
estlocus4,Latona,"Quae prolem , Latona , tuam stridente sub ipsis",LEMMA,LEMMA CITE URN,MORPH CITE URN,ANNOTATOR,urn:cts:croala:bunic02.croala1761880.croala-lat2w:body.div1.l283.w3,979436.0,,,,,,,,,,,,,,,,,
estlocus4,Latoo,Seu tua Latoo potius cunabula Cyntho,LEMMA,LEMMA CITE URN,MORPH CITE URN,ANNOTATOR,urn:cts:croala:bunic02.croala1761880.croala-lat2w:body.div1.l12.w3,969207.0,,,,,,,,,,,,,,,,,
estlocus1,Lesbius,"Tractabant , supplex fundebat Lesbius aurum .",Lesbius,urn:cite:perseus:latlexent.lex4463.1,urn:cite:croala:latmorph.morph.126.1,AS,urn:cts:croala:bunic02.croala1761880.croala-lat2w:body.div3.l311.w4,1003390.0,,,,,,,,,,,,,,,,,
estlocus1,Liparis,"Corniger Eridanus , Liparis , Moedusque Nyphates",Liparis,urn:cite:perseus:latlexent.lex4567.1,urn:cite:croala:latmorph.morph.6.1,AS,urn:cts:croala:bunic02.croala1761880.croala-lat2w:body.div1.l227.w3,977341.0,,,,,,,,,,,,,,,,,
estlocus4,Luna,Nondum Luna nothos agitabat candida currus,Luna,urn:cite:perseus:latlexent.lex4646.1,urn:cite:croala:latmorph.morph.6.1,AS,urn:cts:croala:bunic02.croala1761880.croala-lat2w:body.div3.l87.w2,995622.0,,,,,,,,,,,,,,,,,
estlocus1,Lycus,Dillectus que Dilectusque Lycus nymphis et fuluus Oaxis,Lycus,urn:cite:perseus:latlexent.lex4700.1,urn:cite:croala:latmorph.morph.13.1,AS,urn:cts:croala:bunic02.croala1761880.croala-lat2w:body.div1.l220.w1,977100.0,,,,,,,,,,,,,,,,,
estlocus1,Maleae,"Est prope in obiectu rabidae spelunca Maleae ,",Malea,urn:cite:perseus:latlexent.lex4820.1,urn:cite:croala:latmorph.morph.4.1,AS,urn:cts:croala:bunic02.croala1761880.croala-lat2w:body.div1.l22.w7,969565.0,,,,,,,,,,,,,,,,,
estlocus1,Maurum,"Implicat , Assacheus ueluti draco sanguine Maurum",Mauri,urn:cite:perseus:latlexent.lex4988.1,urn:cite:croala:latmorph.morph.30.1,AS,urn:cts:croala:bunic02.croala1761880.croala-lat2w:body.div2.l180.w6,987060.0,,,,,,,,,,,,,,,,,
estlocus1,Meles,Smyrneusque Meles et multo Marte notatus,Meles,urn:cite:perseus:latlexent.lex5070.1,urn:cite:croala:latmorph.morph.13.1,AS,urn:cts:croala:bunic02.croala1761880.croala-lat2w:body.div1.l228.w2,977366.0,,,,,,,,,,,,,,,,,
estlocus1,Memphitico,Memphitico pingues e,Memphiticus,urn:cite:croala:latlexent.lext89178.1,,AS,urn:cts:croala:bunic02.croala1761880.croala-lat2w:body.div1.l149.app.rdg2.w1,974423.0,,,,,,,,,,,,,,,,,
estlocus1,Methymnaeus,Qua Methymnaeus donaria liquit Arion :,Methymnaeus,urn:cite:croala:latlexent.lex50063.1,urn:cite:croala:latmorph.morph.126.1,AS,urn:cts:croala:bunic02.croala1761880.croala-lat2w:body.div3.l307.w2,1003254.0,,,,,,,,,,,,,,,,,
estlocus1,Moedusque,"Corniger Eridanus , Liparis , Moedusque Nyphates",Medus,urn:cite:perseus:latlexent.lex5022.1,urn:cite:croala:latmorph.morph.13.1,AS,urn:cts:croala:bunic02.croala1761880.croala-lat2w:body.div1.l227.w4,977349.0,,,,,,,,,,,,,,,,,
estlocus1,Mycenaeo,"Monstra Mycenaeo domuit superat sub rege , timendus",Mycenaeus,urn:cite:croala:latlexent.lext89175.1,urn:cite:croala:latmorph.morph.117.1,AS,urn:cts:croala:bunic02.croala1761880.croala-lat2w:body.div1.l5.w2,968926.0,,,,,,,,,,,,,,,,,
estlocus1,Mysia,Iurabant nil scire tui . Scit Mysia quantum,Mysia,urn:cite:perseus:latlexent.lex5482.1,urn:cite:croala:latmorph.morph.6.1,AS,urn:cts:croala:bunic02.croala1761880.croala-lat2w:body.div1.l98.w6,972375.0,,,,,,,,,,,,,,,,,
estlocus1,Narbon,Ister et Illyrico ueniens a littore Narbon .,Narbo,urn:cite:perseus:latlexent.lex5512.1,urn:cite:croala:latmorph.morph.13.1,AS,urn:cts:croala:bunic02.croala1761880.croala-lat2w:body.div1.l229.w7,977415.0,,,,,,,,,,,,,,,,,
estlocus1,Naron,"Dalmaticus Naron , Phasis Phrygiusque Caycus ,",Naro,urn:cite:perseus:latlexent.lex5516.1,urn:cite:croala:latmorph.morph.13.1,AS,urn:cts:croala:bunic02.croala1761880.croala-lat2w:body.div1.l225.w2,977267.0,,,,,,,,,,,,,,,,,
estlocus1,Neapolitano,Reuerendissimo in Christo patri D. Oliuerio Carraphe Cardinali Neapolitano episcopo Sabinensi protectori Ragusino Iacobus Bonus,Neapolitanus,urn:cite:croala:latlextent.lext89173.1,urn:cite:croala:latmorph.morph.120.1,AS,urn:cts:croala:bunic02.croala1761880.croala-lat2w:front.app2.rdg2.div.head.app.rdg1.w8,967754.0,,,,,,,,,,,,,,,,,
estlocus1,Nemeaeo,Nudatumque clepit Nemeaeo tegmine corpus,Nemeaeus,urn:cite:croala:latlexent.lex50017.1,urn:cite:croala:latmorph.morph.135.1,AS,urn:cts:croala:bunic02.croala1761880.croala-lat2w:body.div2.l160.w3,986424.0,,,,,,,,,,,,,,,,,
estlocus1,Nessumque,Ad Rhodani ripas sternis Nessumque latronemque,Nessus,urn:cite:perseus:latlexent.lex5646.1,urn:cite:croala:latmorph.morph.8.1,AS,urn:cts:croala:bunic02.croala1761880.croala-lat2w:body.div3.l339.w5,1004282.0,,,,,,,,,,,,,,,,,
estlocus1,Nesti,Quum leo descendit poturus flumina Nesti,Nestus,urn:cite:croala:latlexent.lex50030.1,urn:cite:croala:latmorph.morph.11.1,AS,urn:cts:croala:bunic02.croala1761880.croala-lat2w:body.div3.l121.w6,996788.0,,,,,,,,,,,,,,,,,
estlocus1,Nilus,Et septemgeminus secreto Nilus ab ortu,Nilus,urn:cite:perseus:latlexent.lex5696.1,urn:cite:croala:latmorph.morph.13.1,AS,urn:cts:croala:bunic02.croala1761880.croala-lat2w:body.div1.l222.w4,977166.0,,,,,,,,,,,,,,,,,
estlocus1,Nyphates,"Corniger Eridanus , Liparis , Moedusque Nyphates",Niphates,urn:cite:perseus:latlexent.lex5704.1,urn:cite:croala:latmorph.morph.13.1,AS,urn:cts:croala:bunic02.croala1761880.croala-lat2w:body.div1.l227.w5,977353.0,,,,,,,,,,,,,,,,,
estlocus1,Oaxis,Dillectus que Dilectusque Lycus nymphis et fuluus Oaxis,Oaxes,urn:cite:perseus:latlexent.lex5824.1,urn:cite:croala:latmorph.morph.11.1,AS,urn:cts:croala:bunic02.croala1761880.croala-lat2w:body.div1.l220.w5,977116.0,,,,,,,,,,,,,,,,,
estlocus4,Oceani,"Praecipue Oceani thalamos , ipsoque canebat",Oceanus,urn:cite:perseus:latlexent.lex5839.1,urn:cite:croala:latmorph.morph.11.1,AS,urn:cts:croala:bunic02.croala1761880.croala-lat2w:body.div1.l173.w2,975375.0,,,,,,,,,,,,,,,,,
estlocus4,Oceani,"Oceani , scopulis sed firma sonantibus haeret",Oceanus,urn:cite:perseus:latlexent.lex5839.1,urn:cite:croala:latmorph.morph.11.1,AS,urn:cts:croala:bunic02.croala1761880.croala-lat2w:body.div2.l204.w1,987836.0,,,,,,,,,,,,,,,,,
estlocus4,Oceano,"Dignum erit Oceano . Ite , citos mihi ducite currus ,",Oceanus,urn:cite:perseus:latlexent.lex5839.1,urn:cite:croala:latmorph.morph.10.1,AS,urn:cts:croala:bunic02.croala1761880.croala-lat2w:body.div1.l179.w3,975589.0,,,,,,,,,,,,,,,,,
estlocus4,Oceanoque,"Oceanoque fuga pulsae maria alta petebant ,",Oceanus,urn:cite:perseus:latlexent.lex5839.1,urn:cite:croala:latmorph.morph.9.1,AS,urn:cts:croala:bunic02.croala1761880.croala-lat2w:body.div2.l23.w1,981604.0,,,,,,,,,,,,,,,,,
estlocus4,Oceanum,Oceanum terras magnis discumbere mensis,Oceanus,urn:cite:perseus:latlexent.lex5839.1,urn:cite:croala:latmorph.morph.8.1,AS,urn:cts:croala:bunic02.croala1761880.croala-lat2w:body.div1.l274.w1,979103.0,,,,,,,,,,,,,,,,,
estlocus4,Oceanum,"Oceanum mentemque Iouis cum coniuge saeua ,",Oceanus,urn:cite:perseus:latlexent.lex5839.1,urn:cite:croala:latmorph.morph.8.1,AS,urn:cts:croala:bunic02.croala1761880.croala-lat2w:body.div1.l280.w1,979309.0,,,,,,,,,,,,,,,,,
estlocus4,Oceanus,Oceanus magnoque tubae clangore uocabant,Oceanus,urn:cite:perseus:latlexent.lex5839.1,urn:cite:croala:latmorph.morph.13.1,AS,urn:cts:croala:bunic02.croala1761880.croala-lat2w:body.div1.l188.w1,975948.0,,,,,,,,,,,,,,,,,
estlocus4,Oceanus,Oceanus Scythico balaenis aequore iunctis,LEMMA,LEMMA CITE URN,MORPH CITE URN,ANNOTATOR,urn:cts:croala:bunic02.croala1761880.croala-lat2w:body.div2.l6.w1,981047.0,,,,,,,,,,,,,,,,,
estlocus4,Oceanus,"Tum pater Oceanus casum miseratus iniquum acerbum ,",LEMMA,LEMMA CITE URN,MORPH CITE URN,ANNOTATOR,urn:cts:croala:bunic02.croala1761880.croala-lat2w:body.div2.l41.w3,982230.0,,,,,,,,,,,,,,,,,
estlocus1,Oechalicas,"Victor , et Oechalicas euertit funditus arces .",Oechalicus,urn:cite:croala:latlextent.lext89174.1,urn:cite:croala:latmorph.morph.41.1,AS,urn:cts:croala:bunic02.croala1761880.croala-lat2w:body.div1.l6.w3,968985.0,,,,,,,,,,,,,,,,,
estlocus1,Oethei,"Colchon , et Oethei ducebat Phasydos undas ,",Oeteus,urn:cite:croala:latlexent.lex50105.1,urn:cite:croala:latmorph.morph.11.1,AS,urn:cts:croala:bunic02.croala1761880.croala-lat2w:body.div1.l116.w3,973053.0,,,,,,,,,,,,,,,,,
estlocus1,Olympi,"Exortusque petunt alii bipatentis Olympi ,",Olympus,urn:cite:perseus:latlexent.lex5944.1,urn:cite:croala:latmorph.morph.11.1,AS,urn:cts:croala:bunic02.croala1761880.croala-lat2w:body.div1.l314.w5,980635.0,,,,,,,,,,,,,,,,,
estlocus1,Olympi,"Quis deus haec superi praedicere posset Olympi ,",Olympus,urn:cite:perseus:latlexent.lex5944.1,urn:cite:croala:latmorph.morph.11.1,AS,urn:cts:croala:bunic02.croala1761880.croala-lat2w:body.div2.l271.w7,990151.0,,,,,,,,,,,,,,,,,
estlocus1,Olympi,""" Principio architenens excelsi rector Olympi ,",Olympus,urn:cite:perseus:latlexent.lex5944.1,urn:cite:croala:latmorph.morph.11.1,AS,urn:cts:croala:bunic02.croala1761880.croala-lat2w:body.div3.l1.w5,992624.0,,,,,,,,,,,,,,,,,
estlocus1,Olympi,"Sustollam super astra deoque aequabor Olympi . """,Olympus,urn:cite:perseus:latlexent.lex5944.1,urn:cite:croala:latmorph.morph.11.1,AS,urn:cts:croala:bunic02.croala1761880.croala-lat2w:body.div3.l104.w6,996215.0,,,,,,,,,,,,,,,,,
estlocus1,Olympi,Prodiit et uenit dii sub lumen Olympi .,Olympus,urn:cite:perseus:latlexent.lex5944.1,urn:cite:croala:latmorph.morph.11.1,AS,urn:cts:croala:bunic02.croala1761880.croala-lat2w:body.div3.l155.w7,997910.0,,,,,,,,,,,,,,,,,
estlocus1,Olympi,"Vos quoque uocales magni Syrenes Olympi ,",Olympus,urn:cite:perseus:latlexent.lex5944.1,urn:cite:croala:latmorph.morph.11.1,AS,urn:cts:croala:bunic02.croala1761880.croala-lat2w:body.div3.l228.w6,1000611.0,,,,,,,,,,,,,,,,,
estlocus1,Olympo,"Tu uotis fruere fruerere tuis , foret alter Olympo",Olympus,urn:cite:perseus:latlexent.lex5944.1,urn:cite:croala:latmorph.morph.9.1,AS,urn:cts:croala:bunic02.croala1761880.croala-lat2w:body.div2.l61.w6,983027.0,,,,,,,,,,,,,,,,,
estlocus1,Olympo,Ignaros homines a summo auertit Olympo,Olympus,urn:cite:perseus:latlexent.lex5944.1,urn:cite:croala:latmorph.morph.9.1,AS,urn:cts:croala:bunic02.croala1761880.croala-lat2w:body.div3.l19.w6,993270.0,,,,,,,,,,,,,,,,,
estlocus1,Olympo,"Aetherii , diuos summo formauit Olympo .",Olympus,urn:cite:perseus:latlexent.lex5944.1,urn:cite:croala:latmorph.morph.9.1,AS,urn:cts:croala:bunic02.croala1761880.croala-lat2w:body.div3.l86.w5,995605.0,,,,,,,,,,,,,,,,,
estlocus1,Olympo,"Et summi mens alta dei , quo maior Olympo",Olympus,urn:cite:perseus:latlexent.lex5944.1,urn:cite:croala:latmorph.morph.9.1,AS,urn:cts:croala:bunic02.croala1761880.croala-lat2w:body.div3.l92.w8,995819.0,,,,,,,,,,,,,,,,,
estlocus1,Olympum,Fert quaeque aetherium subter nascuntur Olympum !,Olympus,urn:cite:perseus:latlexent.lex5944.1,urn:cite:croala:latmorph.morph.8.1,AS,urn:cts:croala:bunic02.croala1761880.croala-lat2w:body.div2.l249.w6,989381.0,,,,,,,,,,,,,,,,,
estlocus1,Olympum,"Scandit ad aetherium tecum sublimis Olympum . """,Olympus,urn:cite:perseus:latlexent.lex5944.1,urn:cite:croala:latmorph.morph.8.1,AS,urn:cts:croala:bunic02.croala1761880.croala-lat2w:body.div2.l290.w6,990814.0,,,,,,,,,,,,,,,,,
estlocus1,Olympus,"Quantus Olympus , Athos quantus , uel nubifer Atlas",Olympus,urn:cite:perseus:latlexent.lex5944.1,urn:cite:croala:latmorph.morph.13.1,AS,urn:cts:croala:bunic02.croala1761880.croala-lat2w:body.div3.l194.w2,999289.0,,,,,,,,,,,,,,,,,
estlocus4,Orbe,"Orbe trahens , causa et tantae uenit ecce procellae :",LEMMA,LEMMA CITE URN,MORPH CITE URN,ANNOTATOR,urn:cts:croala:bunic02.croala1761880.croala-lat2w:body.div2.l21.w1,981534.0,,,,,,,,,,,,,,,,,
estlocus4,Orbes,Orbes quem decimum uocant Leonem .,LEMMA,LEMMA CITE URN,MORPH CITE URN,ANNOTATOR,urn:cts:croala:bunic02.croala1761880.croala-lat2w:front.app2.rdg2.div.l9.app.rdg2.w1,968226.0,,,,,,,,,,,,,,,,,
estlocus1,Orcadas,Orcadas et magnos rapiat fuga in aequora montes .,Orcades,urn:cite:perseus:latlexent.lex6010.1,urn:cite:croala:latmorph.morph.21.1,AS,urn:cts:croala:bunic02.croala1761880.croala-lat2w:body.div2.l27.w1,981736.0,,,,,,,,,,,,,,,,,
estlocus4,Orci,"Quamuis inferni trita est uia , uos tamen Orci",LEMMA,LEMMA CITE URN,MORPH CITE URN,ANNOTATOR,urn:cts:croala:bunic02.croala1761880.croala-lat2w:body.div1.l28.w8,969771.0,,,,,,,,,,,,,,,,,
estlocus4,Orci,Et Stygias seruare domos dedit arbiter Orci .,Orcus,urn:cite:perseus:latlexent.lex6018.1,urn:cite:croala:latmorph.morph.11.1,AS,urn:cts:croala:bunic02.croala1761880.croala-lat2w:body.div2.l186.w7,987278.0,,,,,,,,,,,,,,,,,
estlocus4,Orci,Sed neque Cocyti nox importuna nec Orci,Orcus,urn:cite:perseus:latlexent.lex6018.1,urn:cite:croala:latmorph.morph.11.1,AS,urn:cts:croala:bunic02.croala1761880.croala-lat2w:body.div2.l257.w7,989661.0,,,,,,,,,,,,,,,,,
estlocus4,Orci,Faucibus e mediis mediisque ex ignibus Orci,Orcus,urn:cite:perseus:latlexent.lex6018.1,urn:cite:croala:latmorph.morph.11.1,AS,urn:cts:croala:bunic02.croala1761880.croala-lat2w:body.div3.l142.w7,997509.0,,,,,,,,,,,,,,,,,
estlocus4,Orci,Coniugis Admeti furuis e sedibus Orci,Orcus,urn:cite:perseus:latlexent.lex6018.1,urn:cite:croala:latmorph.morph.11.1,AS,urn:cts:croala:bunic02.croala1761880.croala-lat2w:body.div3.l344.w6,1004447.0,,,,,,,,,,,,,,,,,
estlocus4,Orco,Cernit ibi plures tristi quos miserat Orco :,LEMMA,LEMMA CITE URN,MORPH CITE URN,ANNOTATOR,urn:cts:croala:bunic02.croala1761880.croala-lat2w:body.div1.l75.w7,971386.0,,,,,,,,,,,,,,,,,
estlocus4,Orco,Laurifer Eurotas et nigro excussus ab Orco,Orcus,urn:cite:perseus:latlexent.lex6018.1,urn:cite:croala:latmorph.morph.13.1,AS,urn:cts:croala:bunic02.croala1761880.croala-lat2w:body.div1.l226.w7,977320.0,,,,,,,,,,,,,,,,,
estlocus4,Orco,Scilicet in terris meruit . Non protinus Orco,Orcus,urn:cite:perseus:latlexent.lex6018.1,urn:cite:croala:latmorph.morph.9.1,AS,urn:cts:croala:bunic02.croala1761880.croala-lat2w:body.div3.l173.w7,998568.0,,,,,,,,,,,,,,,,,
estlocus4,Orco,"Mature ut talis discedat pestis ab Orco ! """,Orcus,urn:cite:perseus:latlexent.lex6018.1,urn:cite:croala:latmorph.morph.9.1,AS,urn:cts:croala:bunic02.croala1761880.croala-lat2w:body.div3.l258.w7,1001621.0,,,,,,,,,,,,,,,,,
estlocus4,Orcum,Orcum,Orcus,urn:cite:perseus:latlexent.lex6018.1,urn:cite:croala:latmorph.morph.8.1,AS,urn:cts:croala:bunic02.croala1761880.croala-lat2w:body.div1.l287.app.rdg2.w,979612.0,,,,,,,,,,,,,,,,,
estlocus4,Orcum,"Alter monstrat iter , caligantem alter ad Orcum .",Orcus,urn:cite:perseus:latlexent.lex6018.1,urn:cite:croala:latmorph.morph.8.1,AS,urn:cts:croala:bunic02.croala1761880.croala-lat2w:body.div3.l13.w7,993064.0,,,,,,,,,,,,,,,,,
estlocus4,Orcum,Ductor erat ? Quo tanta lues inuaserit Orcum,Orcus,urn:cite:perseus:latlexent.lex6018.1,urn:cite:croala:latmorph.morph.8.1,AS,urn:cts:croala:bunic02.croala1761880.croala-lat2w:body.div3.l69.w7,995008.0,,,,,,,,,,,,,,,,,
estlocus4,Orcum,Vertitur acta manu dextra ceu fulmen et Orcum,Orcus,urn:cite:perseus:latlexent.lex6018.1,urn:cite:croala:latmorph.morph.8.1,AS,urn:cts:croala:bunic02.croala1761880.croala-lat2w:body.div3.l247.w8,1001266.0,,,,,,,,,,,,,,,,,
estlocus4,Orcus,Spiritus ater olens uasto et fremit Orcus hiatu .,Orcus,urn:cite:perseus:latlexent.lex6018.1,urn:cite:croala:latmorph.morph.13.1,AS,urn:cts:croala:bunic02.croala1761880.croala-lat2w:body.div1.l24.w7,969635.0,,,,,,,,,,,,,,,,,
estlocus4,Orcus,Diuulsam membris animam insaturabilis Orcus,Orcus,urn:cite:perseus:latlexent.lex6018.1,urn:cite:croala:latmorph.morph.13.1,AS,urn:cts:croala:bunic02.croala1761880.croala-lat2w:body.div2.l43.w5,982322.0,,,,,,,,,,,,,,,,,
estlocus4,Orcus,Iamque nouem uenit quo cingitur orbibus Orcus,Orcus,urn:cite:perseus:latlexent.lex6018.1,urn:cite:croala:latmorph.morph.13.1,AS,urn:cts:croala:bunic02.croala1761880.croala-lat2w:body.div2.l263.w7,989859.0,,,,,,,,,,,,,,,,,
estlocus4,Orcus,"Cingitur Orcus inops , quid claudit machina tanta ? """,Orcus,urn:cite:perseus:latlexent.lex6018.1,urn:cite:croala:latmorph.morph.13.1,AS,urn:cts:croala:bunic02.croala1761880.croala-lat2w:body.div2.l303.w2,991275.0,,,,,,,,,,,,,,,,,
estlocus4,Orcus,"Quos rabies aeterna tenet , quos Orcus et aer",Orcus,urn:cite:perseus:latlexent.lex6018.1,urn:cite:croala:latmorph.morph.13.1,AS,urn:cts:croala:bunic02.croala1761880.croala-lat2w:body.div3.l113.w6,996520.0,,,,,,,,,,,,,,,,,
estlocus4,Orcus,Amphitryoniadae pro munere tradidit Orcus .,Orcus,urn:cite:perseus:latlexent.lex6018.1,urn:cite:croala:latmorph.morph.13.1,AS,urn:cts:croala:bunic02.croala1761880.croala-lat2w:body.div3.l271.w5,1002058.0,,,,,,,,,,,,,,,,,
estlocus1,Ossa,Fulmine et excussa lapsos obtriuimus Ossa .,Ossa,urn:cite:perseus:latlexent.lex6081.1,urn:cite:croala:latmorph.morph.2.1,AS,urn:cts:croala:bunic02.croala1761880.croala-lat2w:body.div2.l234.w6,988842.0,,,,,,,,,,,,,,,,,
estlocus1,Pachinni,"Quantaque Caucasei dorsi iuga , quanta Pachinni",Pachynum,urn:cite:perseus:latlexent.lex6110.1,urn:cite:croala:latmorph.morph.18.1,AS,urn:cts:croala:bunic02.croala1761880.croala-lat2w:body.div3.l196.w6,999387.0,,,,,,,,,,,,,,,,,
estlocus1,Paphiam,"Diuas , quae Paphiam deam colentem",Paphius,urn:cite:perseus:latlexent.lex6240.1,urn:cite:croala:latmorph.morph.96.1,AS,urn:cts:croala:bunic02.croala1761880.croala-lat2w:front.app2.rdg2.div.l1.w3,967842.0,,,,,,,,,,,,,,,,,
estlocus1,Parrhasius,"Parrhasius serpens , ignisque erructat eructat ad auras",Parrhasius,urn:cite:perseus:latlexent.lex6280.1,urn:cite:croala:latmorph.morph.126.1,AS,urn:cts:croala:bunic02.croala1761880.croala-lat2w:body.div1.l38.w1,970081.0,,,,,,,,,,,,,,,,,
estlocus1,Patarea,Flammiferae seu templa colis Patarea Chimaerae .,Patareus,urn:cite:perseus:latlexent.lex6316.1,urn:cite:croala:latmorph.morph.99.1,AS,urn:cts:croala:bunic02.croala1761880.croala-lat2w:body.div1.l13.w5,969244.0,,,,,,,,,,,,,,,,,
estlocus1,Pergama,Perfida Carthago deuictaque Pergama flammis,Pergama,urn:cite:perseus:latlexent.lex6427.1,urn:cite:croala:latmorph.morph.2.1,AS,urn:cts:croala:bunic02.croala1761880.croala-lat2w:body.div1.l18.w4,969417.0,,,,,,,,,,,,,,,,,
estlocus1,Pergameis,Cuspide Pergameis perfodit lancea campis .,Pergameus,urn:cite:perseus:latlexent.lex6429.1,urn:cite:croala:latmorph.morph.62.1,AS,urn:cts:croala:bunic02.croala1761880.croala-lat2w:body.div3.l187.w2,999038.0,,,,,,,,,,,,,,,,,
estlocus1,Perrhebi,Qualis Apollineo Perrhebi uertice Pindi,Perrhebus,urn:cite:croala:latlexent.lex50029.1,urn:cite:croala:latmorph.morph.123.1,AS,urn:cts:croala:bunic02.croala1761880.croala-lat2w:body.div3.l120.w3,996751.0,,,,,,,,,,,,,,,,,
estlocus1,Phasis,"Dalmaticus Naron , Phasis Phrygiusque Caycus ,",Phasis,urn:cite:perseus:latlexent.lex6563.1,urn:cite:croala:latmorph.morph.13.1,AS,urn:cts:croala:bunic02.croala1761880.croala-lat2w:body.div1.l225.w3,977275.0,,,,,,,,,,,,,,,,,
estlocus1,Phasydos,"Colchon , et Oethei ducebat Phasydos undas ,",Phasis,urn:cite:perseus:latlexent.lex6563.1,urn:cite:croala:latmorph.morph.11.1,AS,urn:cts:croala:bunic02.croala1761880.croala-lat2w:body.div1.l116.w5,973061.0,,,,,,,,,,,,,,,,,
estlocus1,Phlegethonta,Phlegethonta,Phlegethon,urn:cite:perseus:latlexent.lex6626.1,urn:cite:croala:latmorph.morph.8.1,AS,urn:cts:croala:bunic02.croala1761880.croala-lat2w:body.div2.l53.app.rdg2.w,982710.0,,,,,,,,,,,,,,,,,
estlocus1,Phlegeton,"Panditis et Phlegeton quos gurgite lustrat adusto ,",Phlegethon,urn:cite:perseus:latlexent.lex6626.1,urn:cite:croala:latmorph.morph.13.1,AS,urn:cts:croala:bunic02.croala1761880.croala-lat2w:body.div1.l30.w3,969825.0,,,,,,,,,,,,,,,,,
estlocus1,Phlegeton,"Semina , quae Phlegeton dias produxit in oras ,",Phlegethon,urn:cite:perseus:latlexent.lex6626.1,urn:cite:croala:latmorph.morph.13.1,AS,urn:cts:croala:bunic02.croala1761880.croala-lat2w:body.div2.l98.w3,984286.0,,,,,,,,,,,,,,,,,
estlocus1,Phlegeton,"En quae castra uomit Phlegeton , quod Tartarus agmen",Phlegethon,urn:cite:perseus:latlexent.lex6626.1,urn:cite:croala:latmorph.morph.13.1,AS,urn:cts:croala:bunic02.croala1761880.croala-lat2w:body.div3.l64.w5,994779.0,,,,,,,,,,,,,,,,,
estlocus1,Phlegeton,"Et Phlegeton et Nox , quam discolor ambit amictus :",Phlegethon,urn:cite:perseus:latlexent.lex6626.1,urn:cite:croala:latmorph.morph.13.1,AS,urn:cts:croala:bunic02.croala1761880.croala-lat2w:body.div3.l214.w2,1000041.0,,,,,,,,,,,,,,,,,
estlocus1,Phlegetonta,Phlegetonta,Phlegethon,urn:cite:perseus:latlexent.lex6626.1,urn:cite:croala:latmorph.morph.8.1,AS,urn:cts:croala:bunic02.croala1761880.croala-lat2w:body.div2.l53.app.rdg3.w,982719.0,,,,,,,,,,,,,,,,,
estlocus1,Phlegetonte,Fas Phlegetonte tenet placidoque in flumine Laethes,Phlegethon,urn:cite:perseus:latlexent.lex6626.1,urn:cite:croala:latmorph.morph.135.1,AS,urn:cts:croala:bunic02.croala1761880.croala-lat2w:body.div1.l296.w2,979997.0,,,,,,,,,,,,,,,,,
estlocus1,Phlegetontis,Tum specus horrendum et fauces Phlegetontis anheli,Phlegethon,urn:cite:perseus:latlexent.lex6626.1,urn:cite:croala:latmorph.morph.11.1,AS,urn:cts:croala:bunic02.croala1761880.croala-lat2w:body.div3.l272.w6,1002091.0,,,,,,,,,,,,,,,,,
estlocus1,Phlegraea,Atque tot anguipedes Phlegraea ualle Gigantas,Phlegraeus,urn:cite:perseus:latlexent.lex6629.1,urn:cite:croala:latmorph.morph.99.1,AS,urn:cts:croala:bunic02.croala1761880.croala-lat2w:body.div2.l233.w4,988805.0,,,,,,,,,,,,,,,,,
estlocus1,Phlegyae,Quoi Phlegyae genus inuiso de sanguine Martis :,LEMMA,LEMMA CITE URN,MORPH CITE URN,ANNOTATOR,urn:cts:croala:bunic02.croala1761880.croala-lat2w:body.div2.l304.w2,991320.0,,,,,,,,,,,,,,,,,
estlocus1,Phlegyda,""" O Phlegyda "" , Alcides inquit , "" quid tanta gerat uis ? """,LEMMA,LEMMA CITE URN,MORPH CITE URN,ANNOTATOR,urn:cts:croala:bunic02.croala1761880.croala-lat2w:body.div3.l66.w2,994857.0,,,,,,,,,,,,,,,,,
estlocus1,Phrygia,""" Foelix Troianus Phrygia uenator ab Ida """,Phrygius,urn:cite:perseus:latlexent.lex6682.1,urn:cite:croala:latmorph.morph.99.1,AS,urn:cts:croala:bunic02.croala1761880.croala-lat2w:body.div1.l259.w3,978479.0,,,,,,,,,,,,,,,,,
estlocus1,Phrygiis,"Foelix ille puer Phrygiis in montibus Atys ,",Phrygius,urn:cite:perseus:latlexent.lex6682.1,urn:cite:croala:latmorph.morph.62.1,AS,urn:cts:croala:bunic02.croala1761880.croala-lat2w:body.div1.l262.w4,978602.0,,,,,,,,,,,,,,,,,
estlocus1,Phrygiusque,"Dalmaticus Naron , Phasis Phrygiusque Caycus ,",Phrygius,urn:cite:perseus:latlexent.lex6682.1,urn:cite:croala:latmorph.morph.126.1,AS,urn:cts:croala:bunic02.croala1761880.croala-lat2w:body.div1.l225.w4,977279.0,,,,,,,,,,,,,,,,,
estlocus4,Pimplea,Diua mihi Pimplea refer ! - - - Dux agmine Pluto,Pimpleus,urn:cite:perseus:latlexent.lex6728.1,urn:cite:croala:latmorph.morph.111.1,AS,urn:cts:croala:bunic02.croala1761880.croala-lat2w:body.div3.l70.w3,995025.0,,,,,,,,,,,,,,,,,
estlocus1,Pindi,Qualis Apollineo Perrhebi uertice Pindi,Pindus,urn:cite:perseus:latlexent.lex6735.1,urn:cite:croala:latmorph.morph.11.1,AS,urn:cts:croala:bunic02.croala1761880.croala-lat2w:body.div3.l120.w5,996759.0,,,,,,,,,,,,,,,,,
estlocus1,Puniceo,Puniceo ille Satan surgebat Lucifer ortu .,LEMMA,LEMMA CITE URN,MORPH CITE URN,ANNOTATOR,urn:cts:croala:bunic02.croala1761880.croala-lat2w:body.div3.l89.w1,995684.0,,,,,,,,,,,,,,,,,
estlocus4,Pylium,Praeterea Pylium nec adhuc aboleuerat ulcus,Pylius,urn:cite:croala:latlexent.lex50101.1,urn:cite:croala:latmorph.morph.144.1,AS,urn:cts:croala:bunic02.croala1761880.croala-lat2w:body.div3.l156.w2,997927.0,,,,,,,,,,,,,,,,,
estlocus1,RACVSAEI,IACOBI BONI RACVSAEI SVB FIGVRA HERCVLIS CHRISTI PRAELVDIVM DEDICATVM LEONI X PONT. MAX. LIBER PRIMVS : AGLAIA,LEMMA,LEMMA CITE URN,MORPH CITE URN,ANNOTATOR,urn:cts:croala:bunic02.croala1761880.croala-lat2w:body.div1.head.w3,968703.0,,,,,,,,,,,,,,,,,
estlocus1,RACVSAEI,IACOBI BONI RACVSAEI CHRISTI SVB FIGVRA HERCVLIS PRAELVDIVM LEONI X PONT. MAX. DICATVM LIBER SECVNDVS : THALIA,LEMMA,LEMMA CITE URN,MORPH CITE URN,ANNOTATOR,urn:cts:croala:bunic02.croala1761880.croala-lat2w:body.div2.head.w3,980829.0,,,,,,,,,,,,,,,,,
estlocus1,RACVSAEI,IACOBI BONI RACVSAEI CHRISTI SVB FIGVRA HERCVLIS PRAELVDIVM DEDICATVM LEONI X PONT. MAX. LIBER TERTIVS : EVPHROSYNA,LEMMA,LEMMA CITE URN,MORPH CITE URN,ANNOTATOR,urn:cts:croala:bunic02.croala1761880.croala-lat2w:body.div3.head.w3,992543.0,,,,,,,,,,,,,,,,,
estlocus1,RACVSAEORVM,IACOBVS BONVS RACVSAEORVM ORATOR AD LEONEM DECIMVM PONT. MAX.,LEMMA,LEMMA CITE URN,MORPH CITE URN,ANNOTATOR,urn:cts:croala:bunic02.croala1761880.croala-lat2w:front.app2.rdg2.div.head.app.rdg2.w3,967795.0,,,,,,,,,,,,,,,,,
estlocus1,Ragusino,Reuerendissimo in Christo patri D. Oliuerio Carraphe Cardinali Neapolitano episcopo Sabinensi protectori Ragusino Iacobus Bonus,LEMMA,LEMMA CITE URN,MORPH CITE URN,ANNOTATOR,urn:cts:croala:bunic02.croala1761880.croala-lat2w:front.app2.rdg2.div.head.app.rdg1.w12,967770.0,,,,,,,,,,,,,,,,,
estlocus1,Rhodani,Ad Rhodani ripas sternis Nessumque latronemque,Rhodanus,urn:cite:perseus:latlexent.lex7207.1,urn:cite:croala:latmorph.morph.11.1,AS,urn:cts:croala:bunic02.croala1761880.croala-lat2w:body.div3.l339.w2,1004270.0,,,,,,,,,,,,,,,,,
estlocus1,Rhodanusque,"Auratoque Tagus uultu Rhodanusque bicornis ,",Rhodanus,urn:cite:perseus:latlexent.lex7207.1,urn:cite:croala:latmorph.morph.13.1,AS,urn:cts:croala:bunic02.croala1761880.croala-lat2w:body.div1.l223.w4,977195.0,,,,,,,,,,,,,,,,,
estlocus1,Rhodopeius,"Talia dum cantu celebrat Rhodopeius Orpheus ,",Rhodopeius,urn:cite:croala:latlexent.lex50016.1,urn:cite:croala:latmorph.morph.126.1,AS,urn:cts:croala:bunic02.croala1761880.croala-lat2w:body.div2.l100.w5,984360.0,,,,,,,,,,,,,,,,,
estlocus1,Sabinensi,Reuerendissimo in Christo patri D. Oliuerio Carraphe Cardinali Neapolitano episcopo Sabinensi protectori Ragusino Iacobus Bonus,LEMMA,LEMMA CITE URN,MORPH CITE URN,ANNOTATOR,urn:cts:croala:bunic02.croala1761880.croala-lat2w:front.app2.rdg2.div.head.app.rdg1.w10,967762.0,,,,,,,,,,,,,,,,,
estlocus1,Sami,Nam regina Sami partu sub uentre retento,Samus,urn:cite:perseus:latlexent.lex7393.1,urn:cite:croala:latmorph.morph.4.1,AS,urn:cts:croala:bunic02.croala1761880.croala-lat2w:body.div3.l181.w3,998836.0,,,,,,,,,,,,,,,,,
estlocus1,Saturnia,"Iuppiter Alcides , Saturnia regna redirent .",LEMMA,LEMMA CITE URN,MORPH CITE URN,ANNOTATOR,urn:cts:croala:bunic02.croala1761880.croala-lat2w:body.div2.l62.w3,983048.0,,,,,,,,,,,,,,,,,
estlocus1,Scyllaque,"Scyllaque , Circaeis quoi latrant inguina monstris ,",Scylla,urn:cite:perseus:latlexent.lex7529.1,urn:cite:croala:latmorph.morph.6.1,AS,urn:cts:croala:bunic02.croala1761880.croala-lat2w:body.div1.l35.w1,969982.0,,,,,,,,,,,,,,,,,
estlocus1,Scythico,Oceanus Scythico balaenis aequore iunctis,Scythicus,urn:cite:croala:latlexent.lext89182.1,urn:cite:croala:latmorph.morph.135.1,AS,urn:cts:croala:bunic02.croala1761880.croala-lat2w:body.div2.l6.w2,981051.0,,,,,,,,,,,,,,,,,
estlocus1,Smyrneusque,Smyrneusque Meles et multo Marte notatus,Smyrneus,urn:cite:croala:latlexent.lext89180.1,urn:cite:croala:latmorph.morph.126.1,AS,urn:cts:croala:bunic02.croala1761880.croala-lat2w:body.div1.l228.w1,977362.0,,,,,,,,,,,,,,,,,
estlocus1,Solque,Solque recedentes radiis dispescuit umbras,LEMMA,LEMMA CITE URN,MORPH CITE URN,ANNOTATOR,urn:cts:croala:bunic02.croala1761880.croala-lat2w:body.div2.l3.w1,980960.0,,,,,,,,,,,,,,,,,
estlocus1,Solque,"Solque dator lucis , caeli cor mensque profundi ,",LEMMA,LEMMA CITE URN,MORPH CITE URN,ANNOTATOR,urn:cts:croala:bunic02.croala1761880.croala-lat2w:body.div3.l227.w1,1000550.0,,,,,,,,,,,,,,,,,
estlocus1,Spartano,"Spartano praetenta sinu , qua Ditis anhelat",Spartanus,urn:cite:perseus:latlexent.lex7877.1,urn:cite:croala:latmorph.morph.117.1,AS,urn:cts:croala:bunic02.croala1761880.croala-lat2w:body.div1.l23.w1,969578.0,,,,,,,,,,,,,,,,,
estlocus1,Sperchios,"Sperchios , Ilerda ,",Spercheos,urn:cite:perseus:latlexent.lex7885.1,urn:cite:croala:latmorph.morph.13.1,AS,urn:cts:croala:bunic02.croala1761880.croala-lat2w:body.div1.l219.app.rdg1.w1,977030.0,,,,,,,,,,,,,,,,,
estlocus1,Sperchius,Sperchius et Arar,Spercheos,urn:cite:perseus:latlexent.lex7885.1,urn:cite:croala:latmorph.morph.13.1,AS,urn:cts:croala:bunic02.croala1761880.croala-lat2w:body.div1.l219.app.rdg2.w1,977051.0,,,,,,,,,,,,,,,,,
estlocus1,Strymon,"Immixti nymphis : Strymon , Sperchios , Ilerda , Sperchius et Arar",Strymon,urn:cite:perseus:latlexent.lex8003.1,,AS,urn:cts:croala:bunic02.croala1761880.croala-lat2w:body.div1.l219.w3,977015.0,,,,,,,,,,,,,,,,,
estlocus1,Styga,Causabarque deos furto . Mihi per Styga cuncti,Styx,urn:cite:perseus:latlexent.lex8015.1,urn:cite:croala:latmorph.morph.1.1,AS,urn:cts:croala:bunic02.croala1761880.croala-lat2w:body.div1.l97.w6,972338.0,,,,,,,,,,,,,,,,,
estlocus1,Stygia,Scilicet ignaui Stygia torpebimus aula,Stygius,urn:cite:perseus:latlexent.lex8010.1,urn:cite:croala:latmorph.morph.99.1,AS,urn:cts:croala:bunic02.croala1761880.croala-lat2w:body.div2.l240.w3,989072.0,,,,,,,,,,,,,,,,,
estlocus1,Stygiae,Iamque propinquabat Stygiae qua portitor undae,Stygius,urn:cite:perseus:latlexent.lex8010.1,urn:cite:croala:latmorph.morph.105.1,AS,urn:cts:croala:bunic02.croala1761880.croala-lat2w:body.div1.l62.w3,970926.0,,,,,,,,,,,,,,,,,
estlocus1,Stygiae,Proripit Alcides Stygiae se ad stagna paludis .,Stygius,urn:cite:perseus:latlexent.lex8010.1,urn:cite:croala:latmorph.morph.105.1,AS,urn:cts:croala:bunic02.croala1761880.croala-lat2w:body.div2.l71.w3,983369.0,,,,,,,,,,,,,,,,,
estlocus1,Stygiae,Thaesea quom Stygiae uinctum duxere cateruae ;,Stygius,urn:cite:perseus:latlexent.lex8010.1,urn:cite:croala:latmorph.morph.105.1,AS,urn:cts:croala:bunic02.croala1761880.croala-lat2w:body.div2.l281.w3,990489.0,,,,,,,,,,,,,,,,,
estlocus1,Stygiae,Et Stygiae dant signa canes . Quis nube cruenta,Stygius,urn:cite:perseus:latlexent.lex8010.1,urn:cite:croala:latmorph.morph.53.1,AS,urn:cts:croala:bunic02.croala1761880.croala-lat2w:body.div3.l68.w2,994943.0,,,,,,,,,,,,,,,,,
estlocus1,Stygiamque,Iussit adire domos Erebi Stygiamque paludem,Stygius,urn:cite:perseus:latlexent.lex8010.1,urn:cite:croala:latmorph.morph.96.1,AS,urn:cts:croala:bunic02.croala1761880.croala-lat2w:body.div2.l115.w5,984851.0,,,,,,,,,,,,,,,,,
estlocus1,Stygias,"Euentus quibus , heu , Stygias detrusus ad undas",Stygius,urn:cite:perseus:latlexent.lex8010.1,urn:cite:croala:latmorph.morph.41.1,AS,urn:cts:croala:bunic02.croala1761880.croala-lat2w:body.div1.l143.w4,974189.0,,,,,,,,,,,,,,,,,
estlocus1,Stygias,"Heu , nimium infoelix - - - Stygias inhumatus arenas",Stygius,urn:cite:perseus:latlexent.lex8010.1,urn:cite:croala:latmorph.morph.41.1,AS,urn:cts:croala:bunic02.croala1761880.croala-lat2w:body.div1.l266.w4,978766.0,,,,,,,,,,,,,,,,,
estlocus1,Stygias,Quo Stygias prostratus aquas custodit et alta,Stygius,urn:cite:perseus:latlexent.lex8010.1,urn:cite:croala:latmorph.morph.41.1,AS,urn:cts:croala:bunic02.croala1761880.croala-lat2w:body.div2.l149.w2,986061.0,,,,,,,,,,,,,,,,,
estlocus1,Stygias,Et Stygias seruare domos dedit arbiter Orci .,Stigius,urn:cite:perseus:latlexent.lex8010.1,urn:cite:croala:latmorph.morph.41.1,AS,urn:cts:croala:bunic02.croala1761880.croala-lat2w:body.div2.l186.w2,987258.0,,,,,,,,,,,,,,,,,
estlocus1,Stygias,Triplex ergo caput Stygias auersus ad umbras,Stygius,urn:cite:perseus:latlexent.lex8010.1,urn:cite:croala:latmorph.morph.41.1,AS,urn:cts:croala:bunic02.croala1761880.croala-lat2w:body.div3.l279.w4,1002314.0,,,,,,,,,,,,,,,,,
estlocus1,Stygii,Quum Iouis ante thronum Stygii collabitur atque,Stygius,urn:cite:perseus:latlexent.lex8010.1,urn:cite:croala:latmorph.morph.123.1,AS,urn:cts:croala:bunic02.croala1761880.croala-lat2w:body.div2.l176.w5,986936.0,,,,,,,,,,,,,,,,,
estlocus1,Stygii,"Inflauit , Stygii quo protinus ardua regni",Stygius,urn:cite:perseus:latlexent.lex8010.1,urn:cite:croala:latmorph.morph.123.1,AS,urn:cts:croala:bunic02.croala1761880.croala-lat2w:body.div2.l191.w2,987431.0,,,,,,,,,,,,,,,,,
estlocus1,Stygii,Postquam autem Stygii tempestas atra tyranni,Stygius,urn:cite:perseus:latlexent.lex8010.1,urn:cite:croala:latmorph.morph.123.1,AS,urn:cts:croala:bunic02.croala1761880.croala-lat2w:body.div3.l115.w3,996586.0,,,,,,,,,,,,,,,,,
estlocus1,Stygii,Tunc ambage noua Stygii timor iraque mentem,Stygius,urn:cite:perseus:latlexent.lex8010.1,urn:cite:croala:latmorph.morph.123.1,AS,urn:cts:croala:bunic02.croala1761880.croala-lat2w:body.div3.l145.w4,997588.0,,,,,,,,,,,,,,,,,
estlocus1,Stygiique,Inuasit Stygiique ferox sacraria regni,Stygius,urn:cite:perseus:latlexent.lex8010.1,urn:cite:croala:latmorph.morph.138.1,AS,urn:cts:croala:bunic02.croala1761880.croala-lat2w:body.div1.l26.w2,969685.0,,,,,,,,,,,,,,,,,
estlocus1,Stygiis,Deuorat ; haec Stygiis centum damnata per annos,Stygius,urn:cite:perseus:latlexent.lex8010.1,urn:cite:croala:latmorph.morph.44.1,AS,urn:cts:croala:bunic02.croala1761880.croala-lat2w:body.div2.l44.w3,982343.0,,,,,,,,,,,,,,,,,
estlocus1,Stygios,Tramitibus uariis Stygios merguntur in ignes .,Stygius,urn:cite:perseus:latlexent.lex8010.1,urn:cite:croala:latmorph.morph.62.1,AS,urn:cts:croala:bunic02.croala1761880.croala-lat2w:body.div3.l38.w3,993925.0,,,,,,,,,,,,,,,,,
estlocus1,Stygium,Inferna Stygium de regione canem .,Stygius,urn:cite:perseus:latlexent.lex8010.1,urn:cite:croala:latmorph.morph.114.1,AS,urn:cts:croala:bunic02.croala1761880.croala-lat2w:back.app.rdg1.div.l2.w2,1004705.0,,,,,,,,,,,,,,,,,
estlocus1,Stymphalidas,"Aeripedem ceruam , taurum , Stymphalidas , hortos",Stymphalis,urn:cite:croala:latlexent.lex50067.1,urn:cite:croala:latmorph.morph.41.1,AS,urn:cts:croala:bunic02.croala1761880.croala-lat2w:body.div3.l336.w4,1004171.0,,,,,,,,,,,,,,,,,
estlocus1,Styx,"Styx tacet atra palus , mutescunt triste sonantis",Styx,urn:cite:perseus:latlexent.lex8015.1,urn:cite:croala:latmorph.morph.6.1,AS,urn:cts:croala:bunic02.croala1761880.croala-lat2w:body.div3.l203.w1,999602.0,,,,,,,,,,,,,,,,,
estlocus1,Syrtica,Ac uelut Assyrios saltus aut Syrtica linquens,Syrticus,urn:cite:croala:latlexent.lex50062.1,urn:cite:croala:latmorph.morph.77.1,AS,urn:cts:croala:bunic02.croala1761880.croala-lat2w:body.div3.l259.w6,1001658.0,,,,,,,,,,,,,,,,,
estlocus1,Taenara,"Taenara et Aetnaeis torrens Vulcanus ab antris ,",Taenarum,urn:cite:croala:latlexent.lex50102.1,urn:cite:croala:latmorph.morph.33.1,AS,urn:cts:croala:bunic02.croala1761880.croala-lat2w:body.div3.l129.w1,997072.0,,,,,,,,,,,,,,,,,
estlocus1,Taenarias,Taenarias fauces et debellata profundi,Taenarius,urn:cite:perseus:latlexent.lex8164.1,urn:cite:croala:latmorph.morph.41.1,AS,urn:cts:croala:bunic02.croala1761880.croala-lat2w:body.div1.l1.w1,968768.0,,,,,,,,,,,,,,,,,
estlocus1,Tagus,"Auratoque Tagus uultu Rhodanusque bicornis ,",Tagus,urn:cite:perseus:latlexent.lex8169.1,urn:cite:croala:latmorph.morph.13.1,AS,urn:cts:croala:bunic02.croala1761880.croala-lat2w:body.div1.l223.w2,977187.0,,,,,,,,,,,,,,,,,
estlocus1,Tarento,Hic Ephyrea ratis Calabro resoluta Tarento,Tarentum,urn:cite:perseus:latlexent.lex8205.1,urn:cite:croala:latmorph.morph.16.1,AS,urn:cts:croala:bunic02.croala1761880.croala-lat2w:body.div3.l308.w6,1003299.0,,,,,,,,,,,,,,,,,
estlocus1,Tartara,"Qua regit Elysium , qua Tartara quaque sub imo uoraci",Tartarus,urn:cite:perseus:latlexent.lex8224.1,urn:cite:croala:latmorph.morph.37.1,AS,urn:cts:croala:bunic02.croala1761880.croala-lat2w:body.div1.l295.w5,979954.0,,,,,,,,,,,,,,,,,
estlocus1,Tartara,Quod statuit ferri ipsa sibi sub Tartara munus,Tartarus,urn:cite:perseus:latlexent.lex8224.1,urn:cite:croala:latmorph.morph.33.1,AS,urn:cts:croala:bunic02.croala1761880.croala-lat2w:body.div2.l124.w7,985184.0,,,,,,,,,,,,,,,,,
estlocus1,Tartareae,Et uos Tartareae secreta silentia noctis,Tartareus,urn:cite:perseus:latlexent.lex8223.1,urn:cite:croala:latmorph.morph.25.1,AS,urn:cts:croala:bunic02.croala1761880.croala-lat2w:body.div1.l31.w3,969862.0,,,,,,,,,,,,,,,,,
estlocus1,Tartareas,Tartareas audere et contra daemonas omnes .,Tartareus,urn:cite:perseus:latlexent.lex8223.1,urn:cite:croala:latmorph.morph.41.1,AS,urn:cts:croala:bunic02.croala1761880.croala-lat2w:body.div3.l144.w1,997543.0,,,,,,,,,,,,,,,,,
estlocus1,Tartarei,Tartarei : hanc longo suspendit porticus arcu,Tartareus,urn:cite:perseus:latlexent.lex8223.1,urn:cite:croala:latmorph.morph.123.1,AS,urn:cts:croala:bunic02.croala1761880.croala-lat2w:body.div2.l141.w1,985741.0,,,,,,,,,,,,,,,,,
estlocus1,Tartareis,Eripe Tartareis miserandum Thaesea uinclis !,Tartareus,urn:cite:perseus:latlexent.lex8223.1,urn:cite:croala:latmorph.morph.80.1,AS,urn:cts:croala:bunic02.croala1761880.croala-lat2w:body.div2.l286.w2,990650.0,,,,,,,,,,,,,,,,,
estlocus1,Tartareis,Tempora Tartareis ardentque in uertice cristae .,Tartareus,urn:cite:perseus:latlexent.lex8223.1,urn:cite:croala:latmorph.morph.62.1,AS,urn:cts:croala:bunic02.croala1761880.croala-lat2w:body.div3.l73.w2,995132.0,,,,,,,,,,,,,,,,,
estlocus1,Tartareum,Tantane Tartareum tenet inclaementia regem ?,Tartareus,urn:cite:perseus:latlexent.lex8223.1,urn:cite:croala:latmorph.morph.114.1,AS,urn:cts:croala:bunic02.croala1761880.croala-lat2w:body.div2.l334.w2,992326.0,,,,,,,,,,,,,,,,,
estlocus1,Tartarus,"En quae castra uomit Phlegeton , quod Tartarus agmen",Tartarus,urn:cite:perseus:latlexent.lex8224.1,urn:cite:croala:latmorph.morph.13.1,AS,urn:cts:croala:bunic02.croala1761880.croala-lat2w:body.div3.l64.w7,994791.0,,,,,,,,,,,,,,,,,
estlocus1,Tartarus,Tartarus et tonitru longe domus alta remugit .,Tartarus,urn:cite:perseus:latlexent.lex8224.1,urn:cite:croala:latmorph.morph.13.1,AS,urn:cts:croala:bunic02.croala1761880.croala-lat2w:body.div3.l237.w1,1000908.0,,,,,,,,,,,,,,,,,
estlocus1,Taygetis,Taygetis si quando iugis descendit amantes,Taygetus,urn:cite:perseus:latlexent.lex8256.1,urn:cite:croala:latmorph.morph.80.1,AS,urn:cts:croala:bunic02.croala1761880.croala-lat2w:body.div1.l215.w1,976887.0,,,,,,,,,,,,,,,,,
estlocus1,Tegeaeus,"Nec Tegeaeus Aper , nec quos puer enecat angues",Tegeaeus,urn:cite:perseus:latlexent.lex8267.1,urn:cite:croala:latmorph.morph.126.1,AS,urn:cts:croala:bunic02.croala1761880.croala-lat2w:body.div3.l170.w2,998437.0,,,,,,,,,,,,,,,,,
estlocus1,Thraces,Thraces equi et Veneris niuei pascuntur olores ;,Thrax,urn:cite:perseus:latlexent.lex8446.1,urn:cite:croala:latmorph.morph.31.1,AS,urn:cts:croala:bunic02.croala1761880.croala-lat2w:body.div1.l285.w1,979506.0,,,,,,,,,,,,,,,,,
estlocus1,Thracius,"Alcide , neque te frater neque Thracius Orpheus",Thracius,urn:cite:perseus:latlexent.lex8437.1,urn:cite:croala:latmorph.morph.126.1,AS,urn:cts:croala:bunic02.croala1761880.croala-lat2w:body.div1.l109.w6,972834.0,,,,,,,,,,,,,,,,,
estlocus1,Thracius,""" Thracius ad sedes Erebi descendere uates",Thracius,urn:cite:perseus:latlexent.lex8437.1,urn:cite:croala:latmorph.morph.126.1,AS,urn:cts:croala:bunic02.croala1761880.croala-lat2w:body.div2.l109.w1,984633.0,,,,,,,,,,,,,,,,,
estlocus1,Thymbraee,Non te ad uulgatum Thymbraee uocamus Apollo,Thymbraeus,urn:cite:croala:latlextent.lext89176.1,urn:cite:croala:latmorph.morph.129.1,AS,urn:cts:croala:bunic02.croala1761880.croala-lat2w:body.div1.l14.w5,969277.0,,,,,,,,,,,,,,,,,
estlocus1,Thyrintius,Quem contra breuibus fatur Thyrintius heros :,Tirynthius,urn:cite:perseus:latlexent.lex8534.1,urn:cite:croala:latmorph.morph.126.1,AS,urn:cts:croala:bunic02.croala1761880.croala-lat2w:body.div2.l108.w5,984612.0,,,,,,,,,,,,,,,,,
estlocus1,Thyrio,Hinc media puppi Thyrio stans lucidus ostro,Thyreum,urn:cite:perseus:latlexent.lex8472.1,urn:cite:croala:latmorph.morph.135.1,AS,urn:cts:croala:bunic02.croala1761880.croala-lat2w:body.div3.l312.w4,1003419.0,,,,,,,,,,,,,,,,,
estlocus1,Troiam,"Deiicis , euertis Troiam , tu Albionas imbre",Troia,urn:cite:perseus:latlexent.lex8663.1,urn:cite:croala:latmorph.morph.1.1,AS,urn:cts:croala:bunic02.croala1761880.croala-lat2w:body.div3.l338.w3,1004241.0,,,,,,,,,,,,,,,,,
estlocus1,Troianus,""" Foelix Troianus Phrygia uenator ab Ida """,Troianus,urn:cite:perseus:latlexent.lex8665.1,urn:cite:croala:latmorph.morph.126.1,AS,urn:cts:croala:bunic02.croala1761880.croala-lat2w:body.div1.l259.w2,978475.0,,,,,,,,,,,,,,,,,
estlocus1,Tybris,Et flauus Tybris cornuque Achelous adempto,Tybris,urn:cite:croala:latlexent.lex50071.1,urn:cite:croala:latmorph.morph.13.1,AS,urn:cts:croala:bunic02.croala1761880.croala-lat2w:body.div1.l221.w3,977133.0,,,,,,,,,,,,,,,,,
estlocus4,Vrbis,Vrbis : que illyrici caput tenetur .,LEMMA,LEMMA CITE URN,MORPH CITE URN,ANNOTATOR,urn:cts:croala:bunic02.croala1761880.croala-lat2w:front.app2.rdg2.div.l14.app.rdg1.w1,968544.0,,,,,,,,,,,,,,,,,
estlocus4,Vulcanus,"Taenara et Aetnaeis torrens Vulcanus ab antris ,",LEMMA,LEMMA CITE URN,MORPH CITE URN,ANNOTATOR,urn:cts:croala:bunic02.croala1761880.croala-lat2w:body.div3.l129.w5,997088.0,,,,,,,,,,,,,,,,,
