estLocus,Nomen,Textus,LEMMA,LEMMA CITE URN,MORPH CITE URN,ANNOTATOR INITIALS,CTS URN,SEQUENCE,NČ OP.,,,,,,,,,,,,,,,,
estlocus4,Idea,"Nigrior Idea nunc es pice, corue, sed idem",Idaeus,urn:cite:perseus:latlexent.lex3965.1,urn:cite:croala:latmorph.morph.99.1,NČ,urn:cts:croala:marul01.croala754085.croala-lat2w:group.text1.body.div13.l1.w2,1058394.0,"zadržan perseus:latlexent, poslan issue na githubu",,,,,,,,,,,,,,,,
estlocus4,Sithonia,Sithonia fueras albior ipse niue.,Sithonius,urn:cite:croala.latlexent.lex98011.1,urn:cite:croala:latmorph.morph.99.1,NČ,urn:cts:croala:marul01.croala754085.croala-lat2w:group.text1.body.div13.l2.w1,1058431.0,,,,,,,,,,,,,,,,,
estlocus4,Cylenia,"Hic lapis est index, sed si Cylenia furta",Cyllenius,urn:cite:perseus:latlexent.lex2575.1,urn:cite:croala:latmorph.morph.77.1,NČ,urn:cts:croala:marul01.croala754085.croala-lat2w:group.text1.body.div17.l1.w7,1058693.0,,,,,,,,,,,,,,,,,
estlocus2,Thebeę,Nobile Thebeę surgat ut urbis opus.,Thebaeus,urn:cite:croala.latlexent.lex56987.1,urn:cite:croala:latmorph.morph.105.1,NČ,urn:cts:croala:marul01.croala754085.croala-lat2w:group.text1.body.div19.l2.w2,1058838.0,,,,,,,,,,,,,,,,,
estlocus1,Cęphiso,Arsit amans Echo Cęphiso flumine natum:,Cephisus,urn:cite:perseus:latlexent.lex1977.1,urn:cite:croala:latmorph.morph.9.1,NČ,urn:cts:croala:marul01.croala754085.croala-lat2w:group.text1.body.div24.l1.w4,1059178.0,,,,,,,,,,,,,,,,,
estlocus4,Idei,Daphnidis Idei saxea fata docent.,Idaeus,urn:cite:perseus:latlexent.lex3965.1,urn:cite:croala:latmorph.morph.123.1,NČ,urn:cts:croala:marul01.croala754085.croala-lat2w:group.text1.body.div30.l2.w2,1059656.0,,,,,,,,,,,,,,,,,
estlocus4,Salmacis,Salmacis et Hermaphroditus,Salmacis,urn:cite:croala:latlexent.lex11024.1,urn:cite:croala:latmorph.morph.6.1,NČ,urn:cts:croala:marul01.croala754085.croala-lat2w:group.text1.body.div31.head.w1,1059683.0,,,,,,,,,,,,,,,,,
estlocus4,Salmacis,"Dum fuit ignotus tibi, Salmacis, Hermaphroditus,",Salmacis,urn:cite:croala:latlexent.lex11024.1,urn:cite:croala:latmorph.morph.7.1,NČ,urn:cts:croala:marul01.croala754085.croala-lat2w:group.text1.body.div31.l1.w5,1059717.0,,,,,,,,,,,,,,,,,
estlocus4,Thebanę,"Mineides, Thebanę sorores",Thebanus,urn:cite:croala:latlexent:lex23581.1,urn:cite:croala:latmorph.morph.53.1,NČ,urn:cts:croala:marul01.croala754085.croala-lat2w:group.text1.body.div32.head.w2,1059772.0,,,,,,,,,,,,,,,,,
estlocus1,Olympum,Athlas Iapetides stellarum torquet Olympum,Olympus,urn:cite:croala:latlexent.lex80060.1,urn:cite:croala:latmorph.morph.8.1,NČ,urn:cts:croala:marul01.croala754085.croala-lat2w:group.text1.body.div39.l1.w5,1060362.0,,,,,,,,,,,,,,,,,
estlocus4,Peneia,Hęc laurus quondam uirgo Peneia Daphne,Peneius,urn:cite:croala:latlexent.lex80059.1,urn:cite:croala:latmorph.morph.108.1,NČ,urn:cts:croala:marul01.croala754085.croala-lat2w:group.text1.body.div4.l1.w5,1057635.0,,,,,,,,,,,,,,,,,
estlocus1,Olympo,Signifero forsan nunquam premeretur Olympo,Olympus,urn:cite:croala:latlexent.lex80060.1,urn:cite:croala:latmorph.morph.9.1,NČ,urn:cts:croala:marul01.croala754085.croala-lat2w:group.text1.body.div40.l1.w5,1060427.0,,,,,,,,,,,,,,,,,
estlocus4,Castalidas,"Castalidas uiolare meas fuge, si sapis; his qui",Castalis,urn:cite:croala.latlexent.lex55879.1,urn:cite:croala:latmorph.morph.21.1,NČ,urn:cts:croala:marul01.croala754085.croala-lat2w:group.text1.body.div46.l1.w1,1060834.0,,,,,,,,,,,,,,,,,
estlocus4,Chirona,"In scopulos Chirona tibi fuge, nauita, uersum:",Chiron,urn:cite:croala:latlexent.lex80076.1,urn:cite:croala:latmorph.morph.8.1,NČ,urn:cts:croala:marul01.croala754085.croala-lat2w:group.text1.body.div48.l1.w3,1060978.0,,,,,,,,,,,,,,,,,
estlocus4,Sithonia,Hęc patriam pretio Sithonia uendidit Arne:,Sithonius,urn:cite:croala.latlexent.lex98011.1,urn:cite:croala:latmorph.morph.108.1,NČ,urn:cts:croala:marul01.croala754085.croala-lat2w:group.text1.body.div49.l1.w4,1061070.0,,,,,,,,,,,,,,,,,
estlocus4,Attica,"Fata secat, Minos Attica regna capit.",Atticus,urn:cite:perseus:latlexent.lex1066.1,urn:cite:croala:latmorph.morph.77.1,NČ,urn:cts:croala:marul01.croala754085.croala-lat2w:group.text1.body.div54.l2.w4,1061488.0,,,,,,,,,,,,,,,,,
estlocus1,Labyrinthus,"Perplexum Labyrinthus iter, uarius Minotaurus.",Labyrinthus,urn:cite:croala.latlexent.lex55870.1,urn:cite:croala:latmorph.morph.13.1,NČ,urn:cts:croala:marul01.croala754085.croala-lat2w:group.text1.body.div56.l1.w2,1061600.0,,,,,,,,,,,,,,,,,
estlocus2,Icarię,Improbus Icarię nomina fecit aquę.,Icarius,urn:cite:croala:latlexent.lex24151.1,urn:cite:croala:latmorph.morph.105.1,NČ,urn:cts:croala:marul01.croala754085.croala-lat2w:group.text1.body.div58.l2.w2,1061779.0,,,,,,,,,,,,,,,,,
estlocus4,Cinthia,"Cinthia, Proethidem quid curuo confodis arcu?",Cynthia,urn:cite:croala:latlexent.lex23422.1,urn:cite:croala:latmorph.morph.7.1,NČ,urn:cts:croala:marul01.croala754085.croala-lat2w:group.text1.body.div61.l1.w1,1062004.0,,,,,,,,,,,,,,,,,
estlocus1,Herebi,Dux Herebi Pluton superas peruenit ad auras,Herebus,urn:cite:croala:latlexent.lex80061.1,urn:cite:croala:latmorph.morph.11.1,NČ,urn:cts:croala:marul01.croala754085.croala-lat2w:group.text1.body.div62.l1.w2,1062088.0,,,,,,,,,,,,,,,,,
estlocus1,Pade,"Phoetontis miseri fueramus, Pade, sorores.",Padus,urn:cite:perseus:latlexent.lex6123.1,urn:cite:croala:latmorph.morph.14.1,NČ,urn:cts:croala:marul01.croala754085.croala-lat2w:group.text1.body.div9.l1.w4,1058068.0,,,,,,,,,,,,,,,,,
estlocus1,Pade,"Nunc populi ripę, maxime Pade, tuę.",Padus,urn:cite:perseus:latlexent.lex6123.1,urn:cite:croala:latmorph.morph.14.1,NČ,urn:cts:croala:marul01.croala754085.croala-lat2w:group.text1.body.div9.l2.w5,1058104.0,,,,,,,,,,,,,,,,,
estlocus3,Parthenope,"»Ducta est Parthenope si tibi, uiue Senis!«",Parthenope,urn:cite:croala:latlexent:lex20421.1,urn:cite:croala:latmorph.morph.6.1,NČ,urn:cts:croala:marul01.croala754085.croala-lat2w:group.text11.body.div.sp4.l2.w3,1124579.0,,,,,,,,,,,,,,,,,
estlocus1,Senis,"»Ducta est Parthenope si tibi, uiue Senis!«",Senae,urn:cite:perseus:latlexent.lex3151.1,urn:cite:croala:latmorph.morph.22.1,NČ,urn:cts:croala:marul01.croala754085.croala-lat2w:group.text11.body.div.sp4.l2.w7,1124599.0,,,,,,,,,,,,,,,,,
estlocus2,Valle,[1.] Franciscus Natalis Marco Marulo in Valle Surda commoranti,vallis,urn:cite:perseus:latlexent.lex53165.1,urn:cite:croala:latmorph.morph.2.1,NČ,urn:cts:croala:marul01.croala754085.croala-lat2w:group.text12.body.div1.head.w7,1124670.0,,,,,,,,,,,,,,,,,
estlocus2,Surda,[1.] Franciscus Natalis Marco Marulo in Valle Surda commoranti,surdus,urn:cite:perseus:latlexent.lex50649.1,urn:cite:croala:latmorph.morph.99.1,NČ,urn:cts:croala:marul01.croala754085.croala-lat2w:group.text12.body.div1.head.w8,1124675.0,,,,,,,,,,,,,,,,,
estlocus2,Spalatensi,Nam modo qui fueras Spalatensi solus in urbe,Spalatensis,urn:cite:croala:latlexent:lex21421.1,urn:cite:croala:latmorph.morph.99.1,NČ,urn:cts:croala:marul01.croala754085.croala-lat2w:group.text12.body.div1.l33.w5,1125734.0,,,,,,,,,,,,,,,,,
estlocus4,Turchicus,"Egredere e muris, nihil est nisi Turchicus horror,",Turchicus,urn:cite:croala:latlexent.lex80062.1,urn:cite:croala:latmorph.morph.126.1,NČ,urn:cts:croala:marul01.croala754085.croala-lat2w:group.text12.body.div1.l41.w7,1126002.0,,,,,,,,,,,,,,,,,
estlocus4,Pieriis,"Pręmia, Pieriis digna referre modis.",Pierius,urn:cite:perseus:latlexent.lex6722.1,urn:cite:croala:latmorph.morph.62.1,NČ,urn:cts:croala:marul01.croala754085.croala-lat2w:group.text12.body.div1.l6.w2,1124833.0,,,,,,,,,,,,,,,,,
estlocus2,Ęonidum,Ęonidum poteras sollicitare nemus.,Aonis,urn:cite:croala:latlexent.lex80063.1,urn:cite:croala:latmorph.morph.24.1,NČ,urn:cts:croala:marul01.croala754085.croala-lat2w:group.text12.body.div2.l34.w1,1128173.0,,,,,,,,,,,,,,,,,
estlocus4,Occeano,"Occeano fluctus, frondes cur frondibus addo,",Oceanus,urn:cite:perseus:latlexent.lex5839.1,urn:cite:croala:latmorph.morph.10.1,NČ,urn:cts:croala:marul01.croala754085.croala-lat2w:group.text12.body.div2.l37.w1,1128258.0,,,,,,,,,,,,,,,,,
estlocus1,Creta,"Taurum, Creta, tuum tellus Argiua recępit",Creta,urn:cite:perseus:latlexent.lex2474.1,urn:cite:croala:latmorph.morph.7.1,NČ,urn:cts:croala:marul01.croala754085.croala-lat2w:group.text2.body.div2.l11.w2,1062909.0,,,,,,,,,,,,,,,,,
estlocus2,Argiua,"Taurum, Creta, tuum tellus Argiua recępit",Argivus,urn:cite:croala:latlexent:lex91827.1,urn:cite:croala:latmorph.morph.108.1,NČ,urn:cts:croala:marul01.croala754085.croala-lat2w:group.text2.body.div2.l11.w5,1062925.0,,,,,,,,,,,,,,,,,
estlocus0,Amazonidum,"Agmina Amazonidum peltis fugere relictis,",Amazonis,urn:cite:perseus:latlexent.lex462.1,urn:cite:croala:latmorph.morph.24.1,NČ,urn:cts:croala:marul01.croala754085.croala-lat2w:group.text2.body.div2.l17.w2,1063086.0,,,,,,,,,,,,,,,,,
estlocus4,Hesperidum,Mactato Hesperidum carpuntur poma dracone,Hesperides,urn:cite:perseus:latlexent.lex3750.1,urn:cite:croala:latmorph.morph.24.1,NČ,urn:cts:croala:marul01.croala754085.croala-lat2w:group.text2.body.div2.l19.w2,1063136.0,,,,,,,,,,,,,,,,,
estlocus1,Achelous,Victus Achelous propriis caput intulit undis,Achelous,urn:cite:perseus:latlexent.lex84.1,urn:cite:croala:latmorph.morph.13.1,NČ,urn:cts:croala:marul01.croala754085.croala-lat2w:group.text2.body.div2.l31.w2,1063435.0,,,,,,,,,,,,,,,,,
estlocus1,Oechalię,Oechalię regno fidens Euritus – ab illo,Oechalia,urn:cite:perseus:latlexent.lex5878.1,urn:cite:croala:latmorph.morph.4.1,NČ,urn:cts:croala:marul01.croala754085.croala-lat2w:group.text2.body.div2.l35.w1,1063544.0,,,,,,,,,,,,,,,,,
estlocus2,Nemeę,"Illo autore perit Nemeę leo bellua siluę,",Nemeaeus,urn:cite:croala:latlexent:lex96767.1,urn:cite:croala:latmorph.morph.105.1,NČ,urn:cts:croala:marul01.croala754085.croala-lat2w:group.text2.body.div2.l5.w4,1062736.0,,,,,,,,,,,,,,,,,
estlocus4,Erimanthei,Ipsa Erimanthei feritas elanguit apri,Erymantheus,urn:cite:croala:latlexent.lex65301.1,urn:cite:croala:latmorph.morph.123.1,NČ,urn:cts:croala:marul01.croala754085.croala-lat2w:group.text2.body.div2.l7.w2,1062795.0,,,,,,,,,,,,,,,,,
estlocus4,Stymphalidas,"Stymphalidas domat arcus aues tinnitus et ęris,",Stymphalis,urn:cite:perseus:latlexent.lex8011.1,urn:cite:croala:latmorph.morph.41.1,NČ,urn:cts:croala:marul01.croala754085.croala-lat2w:group.text2.body.div2.l9.w1,1062839.0,,,,,,,,,,,,,,,,,
estlocus2,Tragurinę,Supra portam urbis Tragurinę,Tragurinus,urn:cite:croala:latlexent.lex29802.1,urn:cite:croala:latmorph.morph.105.1,NČ,urn:cts:croala:marul01.croala754085.croala-lat2w:group.text2.body.div5.head.w4,1064192.0,,,,,,,,,,,,,,,,,
estlocus0,Domni,"Hęc sunt templa tibi, Domni, data: Iuppiter absit —",Domnius,LEMMA CITE URN,MORPH CITE URN,NČ,urn:cts:croala:marul01.croala754085.croala-lat2w:group.text2.body.div8.l1.w5,1064551.0,Ovo estlocus0?,,,,,,,,,,,,,,,,
estlocus4,Ariminensium,Ad Ioannem Asclepianum poetam de eius Ariminea in qua Robertum Ariminensium ducem Latium Achillem appellant,Ariminensis,urn:cite:croala:latlexent.lex89215.1,urn:cite:croala:latmorph.morph.30.1,NČ,urn:cts:croala:marul01.croala754085.croala-lat2w:group.text3.body.div1.head.w11,1064773.0,,,,,,,,,,,,,,,,,
estlocus4,Latium,Ad Ioannem Asclepianum poetam de eius Ariminea in qua Robertum Ariminensium ducem Latium Achillem appellat,Latius,urn:cite:perseus:latlexent.lex4375.1,urn:cite:croala:latmorph.morph.114.1,NČ,urn:cts:croala:marul01.croala754085.croala-lat2w:group.text3.body.div1.head.w13,1064782.0,,,,,,,,,,,,,,,,,
estlocus4,Ariminea,Ad Ioannem Asclepianum poetam de eius Ariminea in qua Robertum Ariminensium ducem Latium Achillem appellat,Ariminea,urn:cite:croala:latlexent.lex80064.1,urn:cite:croala:latmorph.morph.2.1,NČ,urn:cts:croala:marul01.croala754085.croala-lat2w:group.text3.body.div1.head.w7,1064756.0,,,,,,,,,,,,,,,,,
estlocus4,Latiumque,Pyerios cantus Latiumque sonantia plectra,Latius,urn:cite:perseus:latlexent.lex4375.1,urn:cite:croala:latmorph.morph.114.1,NČ,urn:cts:croala:marul01.croala754085.croala-lat2w:group.text3.body.div1.l1.w3,1064805.0,,,,,,,,,,,,,,,,,
estlocus4,Phlegreę,"Sic, puto, Phlegreę referens certamina pugnę",Phlegraeus,urn:cite:croala:latlexent.lex80065.1,urn:cite:croala:latmorph.morph.105.1,NČ,urn:cts:croala:marul01.croala754085.croala-lat2w:group.text3.body.div1.l5.w3,1064916.0,,,,,,,,,,,,,,,,,
estlocus4,Cinthius,Increpuit resonam Cinthius ipse lyram,Cynthius,urn:cite:croala:latlexent:lex23421.1,urn:cite:croala:latmorph.morph.13.1,NČ,urn:cts:croala:marul01.croala754085.croala-lat2w:group.text3.body.div1.l6.w3,1064943.0,,,,,,,,,,,,,,,,,
estlocus1,Thebe,Thebe Amphioniam laudet ametque lyram;,Thebe,urn:cite:perseus:latlexent.lex8369.1,urn:cite:croala:latmorph.morph.6.1,NČ,urn:cts:croala:marul01.croala754085.croala-lat2w:group.text3.body.div12.l2.w1,1068648.0,,,,,,,,,,,,,,,,,
estlocus0,Amphioniam,Thebe Amphioniam laudet ametque lyram;,Amphionius,urn:cite:perseus:latlexent.lex503.1,urn:cite:croala:latmorph.morph.96.1,NČ,urn:cts:croala:marul01.croala754085.croala-lat2w:group.text3.body.div12.l2.w2,1068653.0,,,,,,,,,,,,,,,,,
estlocus1,Metimna,Hoc Metimna super sydera cuncta ferat.,Methymna,urn:cite:perseus:latlexent.lex5219.1,urn:cite:croala:latmorph.morph.6.1,NČ,urn:cts:croala:marul01.croala754085.croala-lat2w:group.text3.body.div12.l4.w2,1068712.0,,,,,,,,,,,,,,,,,
estlocus2,Spalatinę,Gloria non leuior Spalatinę contigit urbi:,Spalatinus,urn:cite:croala:latlexent.lex21321.1,urn:cite:croala:latmorph.morph.102.1,NČ,urn:cts:croala:marul01.croala754085.croala-lat2w:group.text3.body.div12.l5.w4,1068750.0,,,,,,,,,,,,,,,,,
estlocus1,Cyrrhę,Sed licet aut sacrę faueant mihi numina Cyrrhę,Cyrrha,urn:cite:croala:latlexent.lex80066.1,urn:cite:croala:latmorph.morph.4.1,NČ,urn:cts:croala:marul01.croala754085.croala-lat2w:group.text3.body.div15.l11.w8,1069838.0,,,,,,,,,,,,,,,,,
estlocus1,Nysę,"Siue colit Nysę qui iuga celsa deus,",Nysa,urn:cite:perseus:latlexent.lex5817.1,urn:cite:croala:latmorph.morph.4.1,NČ,urn:cts:croala:marul01.croala754085.croala-lat2w:group.text3.body.div15.l12.w3,1069852.0,,,,,,,,,,,,,,,,,
estlocus4,Aonię,Cingent Aonię lauro tua tempora Musę,Aonius,urn:cite:perseus:latlexent.lex665.1,urn:cite:croala:latmorph.morph.105.1,NČ,urn:cts:croala:marul01.croala754085.croala-lat2w:group.text3.body.div16.l5.w2,1070070.0,,,,,,,,,,,,,,,,,
estlocus2,Castaliis,Ter quoque Castaliis illa rigauit aquis.,Castalius,urn:cite:perseus:latlexent.lex1863.1,urn:cite:croala:latmorph.morph.44.1,NČ,urn:cts:croala:marul01.croala754085.croala-lat2w:group.text3.body.div3.l4.w3,1065404.0,,,,,,,,,,,,,,,,,
estlocus4,Siculo,Ędis iam Siculo carmina digna sene.,Siculus,urn:cite:perseus:latlexent.lex7695.1,urn:cite:croala:latmorph.morph.117.1,NČ,urn:cts:croala:marul01.croala754085.croala-lat2w:group.text3.body.div3.l6.w3,1065470.0,,,,,,,,,,,,,,,,,
estlocus4,Aoniam,Aoniam flabis forsan et ipse tubam,Aonius,urn:cite:perseus:latlexent.lex665.1,urn:cite:croala:latmorph.morph.96.1,NČ,urn:cts:croala:marul01.croala754085.croala-lat2w:group.text3.body.div3.l8.w1,1065525.0,,,,,,,,,,,,,,,,,
estlocus4,Aonię,"Hieronyme, Aonię quanuis nouus incola siluę,",Aonius,urn:cite:perseus:latlexent.lex665.1,urn:cite:croala:latmorph.morph.105.1,NČ,urn:cts:croala:marul01.croala754085.croala-lat2w:group.text3.body.div4.l1.w2,1065768.0,,,,,,,,,,,,,,,,,
estlocus2,Icarię,Ne forte Icarię fabula dicar aquę.,Icarius,urn:cite:croala:latlexent.lex24151.1,urn:cite:croala:latmorph.morph.105.1,NČ,urn:cts:croala:marul01.croala754085.croala-lat2w:group.text3.body.div4.l10.w3,1066072.0,,,,,,,,,,,,,,,,,
estlocus4,Lycio,Et solues Lycio debita uota deo;,Lycius,urn:cite:perseus:latlexent.lex4684.1,urn:cite:croala:latmorph.morph.120.1,NČ,urn:cts:croala:marul01.croala754085.croala-lat2w:group.text3.body.div5.l4.w3,1066332.0,,,,,,,,,,,,,,,,,
estlocus2,Aonii,Aonii superes culmina summa iugi.,Aonius,urn:cite:perseus:latlexent.lex665.1,urn:cite:croala:latmorph.morph.123.1,NČ,urn:cts:croala:marul01.croala754085.croala-lat2w:group.text3.body.div6.l10.w1,1066971.0,,,,,,,,,,,,,,,,,
estlocus4,Pierioque,Vatibus antiquis Pierioque choro.,Pierius,urn:cite:perseus:latlexent.lex6722.1,urn:cite:croala:latmorph.morph.120.1,NČ,urn:cts:croala:marul01.croala754085.croala-lat2w:group.text3.body.div6.l8.w3,1066918.0,,,,,,,,,,,,,,,,,
estlocus2,Pierii,"Vsque ad Pierii culmina, Chrance, iugi.",Pierius,urn:cite:perseus:latlexent.lex6722.1,urn:cite:croala:latmorph.morph.123.1,NČ,urn:cts:croala:marul01.croala754085.croala-lat2w:group.text3.body.div7.l6.w3,1067240.0,,,,,,,,,,,,,,,,,
estlocus4,Pharensem,Ad Caterinum poetam Pharensem,Pharensis,urn:cite:croala:latlexent.lex29812.1,urn:cite:croala:latmorph.morph.114.1,NČ,urn:cts:croala:marul01.croala754085.croala-lat2w:group.text3.body.div9.head.w4,1067985.0,,,,,,,,,,,,,,,,,
estlocus4,Pyeridumque,Et tibi dii faueant Pyeridumque cohors!,Pieris,urn:cite:perseus:latlexent.lex6721.1,urn:cite:croala:latmorph.morph.24.1,NČ,urn:cts:croala:marul01.croala754085.croala-lat2w:group.text3.body.div9.l14.w5,1068385.0,,,,,,,,,,,,,,,,,
estlocus4,Cinthius,Non negat argutam Cinthius ipse lyram.,Cynthius,urn:cite:croala:latlexent:lex23421.1,urn:cite:croala:latmorph.morph.13.1,NČ,urn:cts:croala:marul01.croala754085.croala-lat2w:group.text3.body.div9.l4.w4,1068091.0,,,,,,,,,,,,,,,,,
estlocus4,Hybleis,Qualia ab Hybleis roscida mella fauis.,Hyblaeus,urn:cite:croala:latlexent.lex34156.1,urn:cite:croala:latmorph.morph.62.1,NČ,urn:cts:croala:marul01.croala754085.croala-lat2w:group.text3.body.div9.l6.w3,1068147.0,,,,,,,,,,,,,,,,,
estlocus1,Pharos,Gaudeat ista quidem tua nobilis insula Pharos,Pharos,urn:cite:croala:latlexent.lex21216.1urn:cite:croala:latlexent.lex21216.1,urn:cite:croala:latmorph.morph.6.1,NČ,urn:cts:croala:marul01.croala754085.croala-lat2w:group.text3.body.div9.l9.w7,1068248.0,,,,,,,,,,,,,,,,,
estlocus1,Pisas,"De uirtute animique pręstantia Dominici Manlipetri, Venetę classis pręfecti, cum Pisas obsedione liberauit iuuitque frumento",Pisae,urn:cite:croala.latlexent.lex22341.1,urn:cite:croala:latmorph.morph.21.1,NČ,urn:cts:croala:marul01.croala754085.croala-lat2w:group.text4.body.div1.head.w11,1070336.0,,,,,,,,,,,,,,,,,
estlocus4,Venetę,"De uirtute animique pręstantia Dominici Manlipetri, Venetę classis pręfecti, cum Pisas obsedione liberauit iuuitque frumento",Venetus,urn:cite:perseus:latlexent.lex8885.1,urn:cite:croala:latmorph.morph.105.1,NČ,urn:cts:croala:marul01.croala754085.croala-lat2w:group.text4.body.div1.head.w7,1070316.0,,,,,,,,,,,,,,,,,
estlocus1,Pisa,"Pisa, Fluentinę quę multo tempore genti",Pisa,urn:cite:croala:latlexent.lex22342.1,urn:cite:croala:latmorph.morph.7.1,NČ,urn:cts:croala:marul01.croala754085.croala-lat2w:group.text4.body.div1.l1.w1,1070359.0,,,,,,,,,,,,,,,,,
estlocus4,Fluentinę,"Pisa, Fluentinę quę multo tempore genti",Fluentinus,urn:cite:croala:latlexent.lex21245.1,urn:cite:croala:latmorph.morph.102.1,NČ,urn:cts:croala:marul01.croala754085.croala-lat2w:group.text4.body.div1.l1.w2,1070367.0,,,,,,,,,,,,,,,,,
estlocus1,Pisa,"Huic geminum debes (nec fallor), Pisa, triumphum:",Pisa,urn:cite:croala:latlexent.lex22342.1,urn:cite:croala:latmorph.morph.7.1,NČ,urn:cts:croala:marul01.croala754085.croala-lat2w:group.text4.body.div1.l17.w6,1070857.0,,,,,,,,,,,,,,,,,
estlocus4,Venetum,Gaude! Nam Venetum tibi parta potentibus armis,Veneti,urn:cite:perseus:latlexent.lex8883.1,urn:cite:croala:latmorph.morph.30.1,NČ,urn:cts:croala:marul01.croala754085.croala-lat2w:group.text4.body.div1.l3.w3,1070426.0,,,,,,,,,,,,,,,,,
estlocus4,Indis,"Libertas auro, gemmis quoque charior Indis",Indus,urn:cite:croala:latlexent.lex87965.1,urn:cite:croala:latmorph.morph.44.1,NČ,urn:cts:croala:marul01.croala754085.croala-lat2w:group.text4.body.div1.l5.w6,1070497.0,,,,,,,,,,,,,,,,,
estlocus4,Venetorum,Ad inclytum uirum Andream Grittum Venetorum principem bene meritum nuperrime creatum,Veneti,urn:cite:perseus:latlexent.lex8883.1,urn:cite:croala:latmorph.morph.30.1,NČ,urn:cts:croala:marul01.croala754085.croala-lat2w:group.text4.body.div10.head.w6,1074267.0,,,,,,,,,,,,,,,,,
estlocus4,Venetę,Vt pręsis Venetę prospiciasque rei.,Venetus,urn:cite:perseus:latlexent.lex8885.1,urn:cite:croala:latmorph.morph.105.1,NČ,urn:cts:croala:marul01.croala754085.croala-lat2w:group.text4.body.div10.l4.w3,1074388.0,,,,,,,,,,,,,,,,,
estlocus4,Veneti,Nam Veneti imperii summa est in sede locatus,Venetus,urn:cite:perseus:latlexent.lex8885.1,urn:cite:croala:latmorph.morph.138.1,NČ,urn:cts:croala:marul01.croala754085.croala-lat2w:group.text4.body.div11.l13.w2,1074963.0,,,,,,,,,,,,,,,,,
estlocus4,Itacensis,Prouidus ingenio dux Itacensis erat.,Ithacensis,urn:cite:croala:latlexent.lex92341.1,urn:cite:croala:latmorph.morph.126.1,NČ,urn:cts:croala:marul01.croala754085.croala-lat2w:group.text4.body.div11.l2.w4,1074657.0,,,,,,,,,,,,,,,,,
estlocus4,Venetorum,Quod omnia prospera sperare liceat Andrea Gritto Venetorum principe,Veneti,urn:cite:perseus:latlexent.lex8883.1,urn:cite:croala:latmorph.morph.30.1,NČ,urn:cts:croala:marul01.croala754085.croala-lat2w:group.text4.body.div12.head.w8,1075102.0,,,,,,,,,,,,,,,,,
estlocus3,Venetis,Spirabit faciles Venetis pater Eolus auras,Veneti,urn:cite:perseus:latlexent.lex8883.1,urn:cite:croala:latmorph.morph.29.1,NČ,urn:cts:croala:marul01.croala754085.croala-lat2w:group.text4.body.div12.l1.w3,1075121.0,,,,,,,,,,,,,,,,,
estlocus4,Venetum,Et Venetum domitus uiribus orbis erit.,Veneti,urn:cite:perseus:latlexent.lex8883.1,urn:cite:croala:latmorph.morph.30.1,NČ,urn:cts:croala:marul01.croala754085.croala-lat2w:group.text4.body.div12.l8.w2,1075301.0,,,,,,,,,,,,,,,,,
estlocus1,Olympi,Annuet his magni magnus regnator Olympi,Olympus,urn:cite:croala:latlexent.lex80060.1,urn:cite:croala:latmorph.morph.11.1,NČ,urn:cts:croala:marul01.croala754085.croala-lat2w:group.text4.body.div12.l9.w6,1075347.0,,,,,,,,,,,,,,,,,
estlocus4,Fluentinos,Prima Fluentinos inter habenda uiros.,Fluentinus,urn:cite:croala:latlexent.lex21245.1,urn:cite:croala:latmorph.morph.59.1,NČ,urn:cts:croala:marul01.croala754085.croala-lat2w:group.text4.body.div13.l4.w2,1075569.0,,,,,,,,,,,,,,,,,
estlocus4,Germane,"Quo, Cęsar Germane, ruis?",Germanus,urn:cite:perseus:latlexent.lex3446.1,urn:cite:croala:latmorph.morph.129.1,NČ,urn:cts:croala:marul01.croala754085.croala-lat2w:group.text4.body.div2.sp1.l.w3,1070953.0,,,,,,,,,,,,,,,,,
estlocus4,Latina,Peto regna Latina.,Latinus,urn:cite:perseus:latlexent.lex4371.1,urn:cite:croala:latmorph.morph.77.1,NČ,urn:cts:croala:marul01.croala754085.croala-lat2w:group.text4.body.div2.sp2.l.w3,1070992.0,,,,,,,,,,,,,,,,,
estlocus3,Venetos,"Vade, sed in Venetos arma mouere caue.",Veneti,urn:cite:perseus:latlexent.lex8883.1,urn:cite:croala:latmorph.morph.27.1,NČ,urn:cts:croala:marul01.croala754085.croala-lat2w:group.text4.body.div2.sp3.l.w4,1071030.0,,,,,,,,,,,,,,,,,
estlocus4,Hiberi,Toracis tegmen Hiberi,Hiberus,urn:cite:croala:latlexent.lex43452.1,urn:cite:croala:latmorph.morph.31.1,NČ,urn:cts:croala:marul01.croala754085.croala-lat2w:group.text4.body.div2.sp5.l1.w3,1071109.0,,,,,,,,,,,,,,,,,
estlocus4,Galli,Et Galli cristas pignus amoris habent.,Gallus,urn:cite:perseus:latlexent.lex3371.1,urn:cite:croala:latmorph.morph.31.1,NČ,urn:cts:croala:marul01.croala754085.croala-lat2w:group.text4.body.div2.sp5.l2.w2,1071120.0,,,,,,,,,,,,,,,,,
estlocus2,Tiberinę,Ast mecum est pręsul Tiberinę Iulius urbis.,Tiberinus,urn:cite:perseus:latlexent.lex8481.1,urn:cite:croala:latmorph.morph.105.1,NČ,urn:cts:croala:marul01.croala754085.croala-lat2w:group.text4.body.div2.sp6.l.w5,1071175.0,,,,,,,,,,,,,,,,,
estlocus3,Venetis,"Huic fidis, Venetis qui dedit ipse togam?",Veneti,urn:cite:perseus:latlexent.lex8883.1,urn:cite:croala:latmorph.morph.29.1,NČ,urn:cts:croala:marul01.croala754085.croala-lat2w:group.text4.body.div2.sp7.l.w3,1071217.0,,,,,,,,,,,,,,,,,
estlocus4,Florentino,De Leone X. Pontifice Maximo Florentino de Medicum familia,Florentinus,urn:cite:croala:latlexent.lex32435.1,urn:cite:croala:latmorph.morph.117.1,NČ,urn:cts:croala:marul01.croala754085.croala-lat2w:group.text4.body.div3.head.w6,1071423.0,,,,,,,,,,,,,,,,,
estlocus2,Italo,Ergo Italo Mauors quę uulnera contulit orbi,Italus,urn:cite:perseus:latlexent.lex4144.1,urn:cite:croala:latmorph.morph.120.1,NČ,urn:cts:croala:marul01.croala754085.croala-lat2w:group.text4.body.div4.l11.w2,1072008.0,,,,,,,,,,,,,,,,,
estlocus2,Latiis,Tale nefas Latiis admisit Iulius oris,Latius,urn:cite:perseus:latlexent.lex4375.1,urn:cite:croala:latmorph.morph.44.1,NČ,urn:cts:croala:marul01.croala754085.croala-lat2w:group.text4.body.div4.l5.w3,1071839.0,,,,,,,,,,,,,,,,,
estlocus3,Gallus,Gallus et Hispanus bella cruenta gerunt.,Gallus,urn:cite:perseus:latlexent.lex3384.1,urn:cite:croala:latmorph.morph.13.1,NČ,urn:cts:croala:marul01.croala754085.croala-lat2w:group.text4.body.div7.l2.w1,1073232.0,,,,,,,,,,,,,,,,,
estlocus3,Hispanus,Gallus et Hispanus bella cruenta gerunt.,Hispanus,urn:cite:perseus:latlexent.lex3819.1,urn:cite:croala:latmorph.morph.13.1,NČ,urn:cts:croala:marul01.croala754085.croala-lat2w:group.text4.body.div7.l2.w3,1073241.0,,,,,,,,,,,,,,,,,
estlocus1,Spalati,Domino Ioanni Baptistę de Molino Spalati prętori bene merito,Spalatum,urn:cite:croala:latlexent.lex21341.1,urn:cite:croala:latmorph.morph.18.1,NČ,urn:cts:croala:marul01.croala754085.croala-lat2w:group.text4.body.div9.head.w6,1073970.0,,,,,,,,,,,,,,,,,
estlocus4,Aonias,Pamphagus Aonias iussit adesse deas.,Aonius,urn:cite:perseus:latlexent.lex665.1,urn:cite:croala:latmorph.morph.41.1,NČ,urn:cts:croala:marul01.croala754085.croala-lat2w:group.text5.body.div1.l2.w2,1076498.0,,,,,,,,,,,,,,,,,
estlocus4,Pieris,Sed neque sic pranso Pieris ulla fauet.,Pieris,urn:cite:perseus:latlexent.lex6721.1,urn:cite:croala:latmorph.morph.6.1,NČ,urn:cts:croala:marul01.croala754085.croala-lat2w:group.text5.body.div1.l6.w5,1076616.0,,,,,,,,,,,,,,,,,
estlocus4,Illyricum,Ad Bartholum Illyricum,Illyricus,urn:cite:croala:latlexent.lex65210.1,urn:cite:croala:latmorph.morph.8.1,NČ,urn:cts:croala:marul01.croala754085.croala-lat2w:group.text5.body.div13.head.w3,1078358.0,,,,,,,,,,,,,,,,,
estlocus2,Lybici,Et quot sunt Lybici maris lapilli,Libycus,urn:cite:croala:latlexent.lex41201.1,urn:cite:croala:latmorph.morph.138.1,NČ,urn:cts:croala:marul01.croala754085.croala-lat2w:group.text5.body.div14.l6.w4,1078671.0,,,,,,,,,,,,,,,,,
estlocus4,Spalatensem,"In Dominum Bartholomeum Aueroldum, episcopum Spalatensem",Spalatensis,urn:cite:croala:latlexent:lex21421.1,urn:cite:croala:latmorph.morph.114.1,NČ,urn:cts:croala:marul01.croala754085.croala-lat2w:group.text5.body.div22.head.w6,1079767.0,,,,,,,,,,,,,,,,,
estlocus4,Aquinas,Atque olim Iuuenalis ipse Aquinas,Aquinas,urn:cite:perseus:latlexent.lex740.1,urn:cite:croala:latmorph.morph.13.1,NČ,urn:cts:croala:marul01.croala754085.croala-lat2w:group.text5.body.div23.l3.w5,1079905.0,,,,,,,,,,,,,,,,,
estlocus2,Cyrrheo,Cędite Cyrrheo nascentes uertice lauri,Cyrrhaeus,urn:cite:croala:latlexent.lex67754.1,urn:cite:croala:latmorph.morph.117.1,NČ,urn:cts:croala:marul01.croala754085.croala-lat2w:group.text5.body.div24.l1.w2,1080013.0,,,,,,,,,,,,,,,,,
estlocus2,Pyerium,"Pyerium nemus omne meę concede Myricę,",Pierius,urn:cite:perseus:latlexent.lex6722.1,urn:cite:croala:latmorph.morph.132.1,NČ,urn:cts:croala:marul01.croala754085.croala-lat2w:group.text5.body.div24.l3.w1,1080057.0,,,,,,,,,,,,,,,,,
estlocus2,Castalios,Et prope Castalios iam sedet illa lacus.,Castalius,urn:cite:perseus:latlexent.lex1863.1,urn:cite:croala:latmorph.morph.59.1,NČ,urn:cts:croala:marul01.croala754085.croala-lat2w:group.text5.body.div24.l6.w3,1080154.0,,,,,,,,,,,,,,,,,
estlocus4,Aonias,Et capit Aonias tam noua forma deas.,Aonius,urn:cite:perseus:latlexent.lex665.1,urn:cite:croala:latmorph.morph.41.1,NČ,urn:cts:croala:marul01.croala754085.croala-lat2w:group.text5.body.div24.l8.w3,1080210.0,,,,,,,,,,,,,,,,,
estlocus1,Heliconis,Siue desertis Heliconis undis,Helicon,urn:cite:perseus:latlexent.lex3652.1,urn:cite:croala:latmorph.morph.11.1,NČ,urn:cts:croala:marul01.croala754085.croala-lat2w:group.text5.body.div25.l19.w3,1080766.0,,,,,,,,,,,,,,,,,
estlocus1,Heliconis,Quid Phoebum Musasque uocas Heliconis ab antro,Helicon,urn:cite:perseus:latlexent.lex3652.1,urn:cite:croala:latmorph.morph.11.1,NČ,urn:cts:croala:marul01.croala754085.croala-lat2w:group.text5.body.div4.l1.w5,1076912.0,,,,,,,,,,,,,,,,,
estlocus4,Pyerium,Pyerium quotiens scribere sumis opus?,Pierius,urn:cite:perseus:latlexent.lex6722.1,urn:cite:croala:latmorph.morph.132.1,NČ,urn:cts:croala:marul01.croala754085.croala-lat2w:group.text5.body.div4.l2.w1,1076927.0,,,,,,,,,,,,,,,,,
estlocus1,Tempe,Hęc illis iocunda domus: non Tempe lacusque,Tempe,urn:cite:perseus:latlexent.lex8294.1,urn:cite:croala:latmorph.morph.1.1,NČ,urn:cts:croala:marul01.croala754085.croala-lat2w:group.text5.body.div4.l5.w6,1077038.0,,,,,,,,,,,,,,,,,
estlocus2,Bellorophonteos,Bellorophonteos plus pia turba colit.,Bellorophonteus,urn:cite:croala:latlexent.lex21124.1,urn:cite:croala:latmorph.morph.59.1,NČ,urn:cts:croala:marul01.croala754085.croala-lat2w:group.text5.body.div4.l6.w1,1077049.0,,,,,,,,,,,,,,,,,
estlocus4,Dalmaticum,"Xarcus, Dalmaticum gloria prima ducum.",Dalmaticus,urn:cite:croala:latlexent.lext89179.1,urn:cite:croala:latmorph.morph.68.1,NČ,urn:cts:croala:marul01.croala754085.croala-lat2w:group.text6.body.div15.l4.w2,1085827.0,,,,,,,,,,,,,,,,,
estlocus4,Turcarum,Turcarum rigido fugare Marte.,Turcae,urn:cite:croala:latlexent.lex21145.1,urn:cite:croala:latmorph.morph.30.1,NČ,urn:cts:croala:marul01.croala754085.croala-lat2w:group.text6.body.div16.l3.w1,1086028.0,,,,,,,,,,,,,,,,,
estlocus4,Turcarum,"Epitaphium Ottomani, Turcarum imperatoris",Turcae,urn:cite:croala:latlexent.lex21145.1,urn:cite:croala:latmorph.morph.30.1,NČ,urn:cts:croala:marul01.croala754085.croala-lat2w:group.text6.body.div18.head.w3,1086336.0,,,,,,,,,,,,,,,,,
estlocus1,Arar,"Cuius sensit Arar, cuius certamina Tygris,",Arar,urn:cite:perseus:latlexent.lex756.1,urn:cite:croala:latmorph.morph.13.1,NČ,urn:cts:croala:marul01.croala754085.croala-lat2w:group.text6.body.div18.l1.w3,1086355.0,,,,,,,,,,,,,,,,,
estlocus1,Tygris,"Cuius sensit Arar, cuius certamina Tygris,",Tigris,urn:cite:perseus:latlexent.lex8509.1,urn:cite:croala:latmorph.morph.13.1,NČ,urn:cts:croala:marul01.croala754085.croala-lat2w:group.text6.body.div18.l1.w6,1086371.0,,,,,,,,,,,,,,,,,
estlocus4,Venetorum,"Epitaphium Leonardi Lauredani, inclyti Venetorum principis",Veneti,urn:cite:perseus:latlexent.lex8883.1,urn:cite:croala:latmorph.morph.30.1,NČ,urn:cts:croala:marul01.croala754085.croala-lat2w:group.text6.body.div19.head.w5,1086554.0,,,,,,,,,,,,,,,,,
estlocus4,Spalatensis,Epitaphium Luxę de Bilsa Spalatensis,Spalatensis,urn:cite:croala:latlexent.lex22245.1,urn:cite:croala:latmorph.morph.11.1,NČ,urn:cts:croala:marul01.croala754085.croala-lat2w:group.text6.body.div21.head.w5,1086968.0,,,,,,,,,,,,,,,,,
estlocus4,Spalatensis,Epitaphium Hieronymi de Lucaris Spalatensis,Spalatensis,urn:cite:croala:latlexent.lex22245.1,urn:cite:croala:latmorph.morph.11.1,NČ,urn:cts:croala:marul01.croala754085.croala-lat2w:group.text6.body.div23.head.w5,1087339.0,,,,,,,,,,,,,,,,,
estlocus4,Graię,"Et Latię et Graię callebat Palladis artes,",Graius,urn:cite:croala:latlexent.lex80067.1,urn:cite:croala:latmorph.morph.105.1,NČ,urn:cts:croala:marul01.croala754085.croala-lat2w:group.text6.body.div25.l9.w4,1088182.0,,,,,,,,,,,,,,,,,
estlocus2,Phlegetontei,Ad Phlegetontei stagna profunda lacus.,Phlegethonteus,urn:cite:croala:latlexent.lex55421.1,urn:cite:croala:latmorph.morph.123.1,NČ,urn:cts:croala:marul01.croala754085.croala-lat2w:group.text6.body.div4.l2.w2,1083312.0,,,,,,,,,,,,,,,,,
estlocus4,Tyrio,"Possidet hanc Tyrio uelatus Luxus amictu,",Tyrius,urn:cite:perseus:latlexent.lex8744.1,urn:cite:croala:latmorph.morph.117.1,NČ,urn:cts:croala:marul01.croala754085.croala-lat2w:group.text6.body.div4.l3.w3,1083342.0,,,,,,,,,,,,,,,,,
estlocus4,Spalatenses,Ad nobiles Spalatenses,Spalatensis,urn:cite:croala:latlexent:lex21421.1,urn:cite:croala:latmorph.morph.59.1,NČ,urn:cts:croala:marul01.croala754085.croala-lat2w:group.text6.body.div5.head.w3,1083813.0,,,,,,,,,,,,,,,,,
estlocus2,Valle,Francisco Natali Marci Maruli in Valle Surda commorantis responsio,vallis,urn:cite:perseus:latlexent.lex53165.1,urn:cite:croala:latmorph.morph.2.1,NČ,urn:cts:croala:marul01.croala754085.croala-lat2w:group.text7.body.div1.head.w6,1088830.0,,,,,,,,,,,,,,,,,
estlocus2,Surda,Francisco Natali Marci Maruli in Valle Surda commorantis responsio,surdus,urn:cite:perseus:latlexent.lex50649.1,urn:cite:croala:latmorph.morph.99.1,NČ,urn:cts:croala:marul01.croala754085.croala-lat2w:group.text7.body.div1.head.w7,1088835.0,,,,,,,,,,,,,,,,,
estlocus4,Samnitum,Et qua contentus Samnitum sperneret aurum,Samnites,urn:cite:perseus:latlexent.lex7387.1,urn:cite:croala:latmorph.morph.30.1,NČ,urn:cts:croala:marul01.croala754085.croala-lat2w:group.text7.body.div1.l27.w4,1089601.0,,,,,,,,,,,,,,,,,
estlocus2,Pegasis,Deseruitque meam Pegasis unda sitim.,Pegasis,urn:cite:croala:latlexent.lex44578.1,urn:cite:croala:latmorph.morph.108.1,NČ,urn:cts:croala:marul01.croala754085.croala-lat2w:group.text7.body.div2.l20.w3,1092061.0,,,,,,,,,,,,,,,,,
estlocus4,Getulos,"Illa etiam Getulos uicit feritate leones,",Gaetulus,urn:cite:croala:latlexent.lex52236.1,urn:cite:croala:latmorph.morph.59.1,NČ,urn:cts:croala:marul01.croala754085.croala-lat2w:group.text7.body.div3.l13.w3,1092716.0,,,,,,,,,,,,,,,,,
estlocus4,Hyrcanas,Vicit et Hyrcanas asperitate tygres.,Hyrcanus,urn:cite:croala:latlexent.lex56632.1,urn:cite:croala:latmorph.morph.41.1,NČ,urn:cts:croala:marul01.croala754085.croala-lat2w:group.text7.body.div3.l14.w3,1092746.0,,,,,,,,,,,,,,,,,
estlocus4,Gargaphiam,Gargaphiam uidit qui sine ueste deam!,Gargaphius,urn:cite:croala:latlexent.lex42331.1,urn:cite:croala:latmorph.morph.96.1,NČ,urn:cts:croala:marul01.croala754085.croala-lat2w:group.text7.body.div3.l18.w1,1092872.0,,,,,,,,,,,,,,,,,
estlocus4,Hesperidumque,"Hesperidumque magis, Fusce, dracone uigil.",Hesperides,urn:cite:perseus:latlexent.lex3750.1,urn:cite:croala:latmorph.morph.24.1,NČ,urn:cts:croala:marul01.croala754085.croala-lat2w:group.text7.body.div3.l8.w1,1092547.0,,,,,,,,,,,,,,,,,
estlocus1,Pergama,Non uersa in cineres uidisset Pergama si non,Pergama,urn:cite:perseus:latlexent.lex6427.1,urn:cite:croala:latmorph.morph.33.1,NČ,urn:cts:croala:marul01.croala754085.croala-lat2w:group.text7.body.div5.l21.w6,1094832.0,,,,,,,,,,,,,,,,,
estlocus1,Tartara,Diffindens terras Tartara et ima ciens.,Tartara,urn:cite:croala:latlexent.lex80068.1,urn:cite:croala:latmorph.morph.33.1,NČ,urn:cts:croala:marul01.croala754085.croala-lat2w:group.text8.body.div1.sp14.l36.w3,1097264.0,,,,,,,,,,,,,,,,,
estlocus1,Olympi,Stelliferi nobis aditus reserabit Olympi.,Olympus,urn:cite:croala:latlexent.lex80060.1,urn:cite:croala:latmorph.morph.11.1,NČ,urn:cts:croala:marul01.croala754085.croala-lat2w:group.text8.body.div2.l117.w5,1101408.0,,,,,,,,,,,,,,,,,
estlocus1,Olympum,Sydereum circum curru uectatus Olympum,Olympus,urn:cite:croala:latlexent.lex80060.1,urn:cite:croala:latmorph.morph.8.1,NČ,urn:cts:croala:marul01.croala754085.croala-lat2w:group.text8.body.div2.l29.w5,1098682.0,,,,,,,,,,,,,,,,,
estlocus3,Euros,Et quibus immites tectus lare temneret Euros,Eurus,urn:cite:croala:latlexent.lex80069.1,urn:cite:croala:latmorph.morph.27.1,NČ,urn:cts:croala:marul01.croala754085.croala-lat2w:group.text8.body.div2.l40.w7,1099010.0,,,,,,,,,,,,,,,,,
estlocus4,Oceanusque,"Oceanusque parens animantum squamigerarum,",Oceanus,urn:cite:perseus:latlexent.lex5839.1,urn:cite:croala:latmorph.morph.13.1,NČ,urn:cts:croala:marul01.croala754085.croala-lat2w:group.text8.body.div2.l46.w1,1099162.0,,,,,,,,,,,,,,,,,
estlocus2 ,Erithręi,"Tum, quem Erithręi felicibus ęquoris undis",Erythraeus,urn:cite:croala:latlexent.lex50042.1,urn:cite:croala:latmorph.morph.138.1,NČ,urn:cts:croala:marul01.croala754085.croala-lat2w:group.text8.body.div2.l82.w3,1100220.0,,,,,,,,,,,,,,,,,
estlocus1,Indus,"Tum uarii, quos Indus habet, micuere lapilli,",Indus,urn:cite:perseus:latlexent.lex4040.1,urn:cite:croala:latmorph.morph.13.1,NČ,urn:cts:croala:marul01.croala754085.croala-lat2w:group.text8.body.div2.l85.w4,1100304.0,,,,,,,,,,,,,,,,,
estlocus4,Spalatensis,In natalitio Sancti Raynerii archiepiscopi Spalatensis pro iure ecclesię tuendo interempti martyrioque coronati hymnus,Spalatensis,urn:cite:croala:latlexent:lex21421.1,urn:cite:croala:latmorph.morph.123.1,NČ,urn:cts:croala:marul01.croala754085.croala-lat2w:group.text8.body.div3.head.w6,1101444.0,,,,,,,,,,,,,,,,,
estlocus4,Spalatina,"Gaudeat felix Spalatina plebes,",Spalatinus,urn:cite:croala:latlexent.lex21321.1,urn:cite:croala:latmorph.morph.108.1,NČ,urn:cts:croala:marul01.croala754085.croala-lat2w:group.text8.body.div3.l13.w3,1101721.0,,,,,,,,,,,,,,,,,
estlocus1,Orcum,Corruit Orcum.,Orcus,urn:cite:perseus:latlexent.lex6018.1,urn:cite:croala:latmorph.morph.8.1,NČ,urn:cts:croala:marul01.croala754085.croala-lat2w:group.text8.body.div3.l24.w2,1101961.0,,,,,,,,,,,,,,,,,
estlocus1,Myrrheę,Atque hinc Myrrheę pręsul uenerabilis urbi*,Myrrha,urn:cite:croala:latlexent.lex80070.1,urn:cite:croala:latmorph.morph.4.1,NČ,urn:cts:croala:marul01.croala754085.croala-lat2w:group.text8.body.div4.l5.w3,1102360.0,,,,,,,,,,,,,,,,,
estlocus1,Solymas,Ipse sed eiectus Solymas post terga reliquit,Solymae,urn:cite:croala:latlexent.lex80071.1,urn:cite:croala:latmorph.morph.21.1,NČ,urn:cts:croala:marul01.croala754085.croala-lat2w:group.text8.body.div5.div1.l11.w4,1102901.0,,,,,,,,,,,,,,,,,
estlocus1,Lyddam,Hinc Lyddam ueniens Aeneam curat hiantem,Lydda,urn:cite:croala:latlexent.lex80072.1,urn:cite:croala:latmorph.morph.1.1,NČ,urn:cts:croala:marul01.croala754085.croala-lat2w:group.text8.body.div5.div1.l19.w2,1103123.0,,,,,,,,,,,,,,,,,
estlocus1,Ioppe,Tabitha mox Ioppe fato collapsa resurgit,Joppe,urn:cite:perseus:latlexent.lex4196.1,urn:cite:croala:latmorph.morph.2.1,NČ,urn:cts:croala:marul01.croala754085.croala-lat2w:group.text8.body.div5.div1.l21.w3,1103183.0,,,,,,,,,,,,,,,,,
estlocus1,Cęsareę,Post hęc Cęsareę Cornelius incipit illi,Caesarea,urn:cite:perseus:latlexent.lex1614.1,urn:cite:croala:latmorph.morph.4.1,NČ,urn:cts:croala:marul01.croala754085.croala-lat2w:group.text8.body.div5.div1.l23.w3,1103239.0,,,,,,,,,,,,,,,,,
estlocus4,sanctam,"Inde abiens Petrus sanctam remeauit ad urbem,",sanctus,urn:cite:perseus:latlexent.lex46625.1,urn:cite:croala:latmorph.morph.96.1,NČ,urn:cts:croala:marul01.croala754085.croala-lat2w:group.text8.body.div5.div1.l25.w4,1103291.0,,,,,,,,,,,,,,,,,
estlocus4,urbem,"Inde abiens Petrus sanctam remeauit ad urbem,",urbs,urn:cite:perseus:latlexent.lex52946.1,urn:cite:croala:latmorph.morph.1.1,NČ,urn:cts:croala:marul01.croala754085.croala-lat2w:group.text8.body.div5.div1.l25.w7,1103304.0,,,,,,,,,,,,,,,,,
estlocus1,Romam,Perrexit Romam magiaque dolisque Symonem,Roma,urn:cite:perseus:latlexent.lex7232.1,urn:cite:croala:latmorph.morph.1.1,NČ,urn:cts:croala:marul01.croala754085.croala-lat2w:group.text8.body.div5.div1.l29.w2,1103406.0,,,,,,,,,,,,,,,,,
estlocus1,Romę,Tum demum lustris Romę iam quinque peractis,Roma,urn:cite:perseus:latlexent.lex7232.1,urn:cite:croala:latmorph.morph.4.1,NČ,urn:cts:croala:marul01.croala754085.croala-lat2w:group.text8.body.div5.div1.l33.w4,1103538.0,,,,,,,,,,,,,,,,,
estlocus1,Babilonia,Inter quos etiam regem Babilonia cuius ,Babylonia,"
urn:cite:croala:latlexent.lex80040.1",urn:cite:croala:latmorph.morph.135.1,NČ,urn:cts:croala:marul01.croala754085.croala-lat2w:group.text8.body.div5.div10.l11.w5,1111318.0,,,,,,,,,,,,,,,,,
estlocus1,Senarię,"At postquam est urbis Senarię ad moenia uentum,",Senaria,urn:cite:croala:latlexent.lex80073.1,urn:cite:croala:latmorph.morph.4.1,NČ,urn:cts:croala:marul01.croala754085.croala-lat2w:group.text8.body.div5.div10.l15.w5,1111435.0,,,,,,,,,,,,,,,,,
estlocus1,Mediam,Thadeus in Mediam Domino mandante recedens,Media,urn:cite:croala:latlexent.lex80041.1,urn:cite:croala:latmorph.morph.1.1,NČ,urn:cts:croala:marul01.croala754085.croala-lat2w:group.text8.body.div5.div10.l3.w3,1111073.0,,,,,,,,,,,,,,,,,
estlocus1,Tygris,Tygris et Euphratis quę cohibetur aquis.,Tigris,urn:cite:perseus:latlexent.lex8509.1,urn:cite:croala:latmorph.morph.11.1,NČ,urn:cts:croala:marul01.croala754085.croala-lat2w:group.text8.body.div5.div10.l6.w1,1111143.0,,,,,,,,,,,,,,,,,
estlocus1,Euphratis,Tygris et Euphratis quę cohibetur aquis.,Euphrates,urn:cite:perseus:latlexent.lex3131.1,urn:cite:croala:latmorph.morph.11.1,NČ,urn:cts:croala:marul01.croala754085.croala-lat2w:group.text8.body.div5.div10.l6.w3,1111152.0,,,,,,,,,,,,,,,,,
estlocus1,Ponti,Instruit et populos rapidi qui littora Ponti,Pontus,urn:cite:perseus:latlexent.lex6881.1,urn:cite:croala:latmorph.morph.11.1,NČ,urn:cts:croala:marul01.croala754085.croala-lat2w:group.text8.body.div5.div10.l7.w7,1111198.0,,,,,,,,,,,,,,,,,
estlocus1,Asię,"Longa tenent, Asię qui quoque rura colunt.",Asia,urn:cite:croala:latlexent.lex80042.1,urn:cite:croala:latmorph.morph.4.1,NČ,urn:cts:croala:marul01.croala754085.croala-lat2w:group.text8.body.div5.div10.l8.w3,1111216.0,,,,,,,,,,,,,,,,,
estlocus1,Persidis,Persidis hinc terras peragrant cum fratre Symone,Persis,urn:cite:croala.latlexent.lex80043.1,urn:cite:croala:latmorph.morph.4.1,NČ,urn:cts:croala:marul01.croala754085.croala-lat2w:group.text8.body.div5.div10.l9.w1,1111242.0,,,,,,,,,,,,,,,,,
estlocus1,Bethlemi,Iste tribus Iudę Bethlemi natus in urbe,Bethlemum,urn:cite:croala.latlexent.lex80074.1,urn:cite:croala:latmorph.morph.11.1,NČ,urn:cts:croala:marul01.croala754085.croala-lat2w:group.text8.body.div5.div11.l1.w4,1111752.0,,,,,,,,,,,,,,,,,
estlocus4,Romano,Sunt quoque qui dicant Romano more securi,Romanus,urn:cite:perseus:latlexent.lex7233.1,urn:cite:croala:latmorph.morph.117.1,NČ,urn:cts:croala:marul01.croala754085.croala-lat2w:group.text8.body.div5.div11.l11.w5,1112051.0,,,,,,,,,,,,,,,,,
estlocus1,Romam,"Ossa prius Romam, Treuerim translata deinde:",Roma,urn:cite:perseus:latlexent.lex7232.1,urn:cite:croala:latmorph.morph.1.1,NČ,urn:cts:croala:marul01.croala754085.croala-lat2w:group.text8.body.div5.div11.l13.w3,1112096.0,,,,,,,,,,,,,,,,,
estlocus1,Treuerim,"Ossa prius Romam, Treuerim translata deinde:",Treveris,urn:cite:croala:latlexent.lex80044.1,urn:cite:croala:latmorph.morph.8.1,NČ,urn:cts:croala:marul01.croala754085.croala-lat2w:group.text8.body.div5.div11.l13.w4,1112104.0,,,,,,,,,,,,,,,,,
estlocus2,Iudea,Explicat hic Christi Iudea per oppida leges,Judaeus,urn:cite:croala:latlexent.lex50022.1,urn:cite:croala:latmorph.morph.77.1,NČ,urn:cts:croala:marul01.croala754085.croala-lat2w:group.text8.body.div5.div11.l7.w4,1111931.0,,,,,,,,,,,,,,,,,
estlocus1,Cypri,Conuerso demum Paulo proconsule Cypri,Cyprus,urn:cite:perseus:latlexent.lex2612.1,urn:cite:croala:latmorph.morph.4.1,NČ,urn:cts:croala:marul01.croala754085.croala-lat2w:group.text8.body.div5.div12.l13.w5,1112560.0,,,,,,,,,,,,,,,,,
estlocus1,Iudeę,"Ciuis erat quondam Iudeę Giscalis urbis,",Judaea,urn:cite:croala:latlexent.lex50022.1,urn:cite:croala:latmorph.morph.4.1,NČ,urn:cts:croala:marul01.croala754085.croala-lat2w:group.text8.body.div5.div12.l3.w4,1112260.0,,,,,,,,,,,,,,,,,
estlocus1,Giscalis,"Ciuis erat quondam Iudeę Giscalis urbis,",Giscalis,urn:cite:croala:latlexent.lex80045.1,urn:cite:croala:latmorph.morph.11.1,NČ,urn:cts:croala:marul01.croala754085.croala-lat2w:group.text8.body.div5.div12.l3.w5,1112265.0,,,,,,,,,,,,,,,,,
estlocus1,Cypri,Post hęc Barnabas Cypri docet et Salaminis,Cyprus,urn:cite:perseus:latlexent.lex2612.1,urn:cite:croala:latmorph.morph.4.1,NČ,urn:cts:croala:marul01.croala754085.croala-lat2w:group.text8.body.div5.div13.l25.w4,1114275.0,,,,,,,,,,,,,,,,,
estlocus1,Salaminis,Post hęc Barnabas Cypri docet et Salaminis,Salamis,urn:cite:perseus:latlexent.lex7337.1,urn:cite:croala:latmorph.morph.4.1,NČ,urn:cts:croala:marul01.croala754085.croala-lat2w:group.text8.body.div5.div13.l25.w7,1114288.0,,,,,,,,,,,,,,,,,
estlocus1,Salaminę,Hunc Salaminę gens tandem impia Iudeorum,Salamina,urn:cite:croala:latlexent.lex80046.1,urn:cite:croala:latmorph.morph.4.1,NČ,urn:cts:croala:marul01.croala754085.croala-lat2w:group.text8.body.div5.div13.l29.w2,1114382.0,,,,,,,,,,,,,,,,,
estlocus1,Tharso,Hic collega datus Paulo fuit urbeque Tharso,Tarsus,urn:cite:perseus:latlexent.lex8222.1,urn:cite:croala:latmorph.morph.2.1,NČ,urn:cts:croala:marul01.croala754085.croala-lat2w:group.text8.body.div5.div13.l3.w7,1113649.0,,,,,,,,,,,,,,,,,
estlocus4,Antiochus,"Adueniunt ipsam Antiochus quam condidit urbem,",Antiochus,urn:cite:perseus:latlexent.lex640.1,urn:cite:croala:latmorph.morph.13.1,NČ,urn:cts:croala:marul01.croala754085.croala-lat2w:group.text8.body.div5.div13.l5.w3,1113693.0,,,,,,,,,,,,,,,,,
estlocus1,Lystris,"Cumque forent Lystris, ingentibus omnia factis",Lystra,urn:cite:perseus:latlexent.lex4728.1,urn:cite:croala:latmorph.morph.34.1,NČ,urn:cts:croala:marul01.croala754085.croala-lat2w:group.text8.body.div5.div13.l9.w3,1113819.0,,,,,,,,,,,,,,,,,
estlocus1,Patrarum,Iste necem tandem Patrarum passus in urbe,Patrae,urn:cite:perseus:latlexent.lex6325.1,urn:cite:croala:latmorph.morph.24.1,NČ,urn:cts:croala:marul01.croala754085.croala-lat2w:group.text8.body.div5.div2.l25.w4,1104546.0,,,,,,,,,,,,,,,,,
estlocus1,Achaię,Achaię populos docuit; mox ponere iussit,Achaia,urn:cite:perseus:latlexent.lex71.1,urn:cite:croala:latmorph.morph.4.1,NČ,urn:cts:croala:marul01.croala754085.croala-lat2w:group.text8.body.div5.div2.l3.w1,1103930.0,,,,,,,,,,,,,,,,,
estlocus2,Scythica,Audax in Scythica docuit regione Philippus,Scythicus,urn:cite:croala:latlexent.lext89182.1,urn:cite:croala:latmorph.morph.99.1,NČ,urn:cts:croala:marul01.croala754085.croala-lat2w:group.text8.body.div5.div3.l1.w3,1104650.0,,,,,,,,,,,,,,,,,
estlocus2,Asiacis,Finibus Asiacis se positurus abit,Asiacus,urn:cite:croala:latlexent.lex80047.1,urn:cite:croala:latmorph.morph.44.1,NČ,urn:cts:croala:marul01.croala754085.croala-lat2w:group.text8.body.div5.div3.l20.w2,1105184.0,,,,,,,,,,,,,,,,,
estlocus1,Hieropoli,Hieropoli Phrygię post hęc comprensus in urbe,Hieropolis,urn:cite:croala:latlexent.lex80075.1,urn:cite:croala:latmorph.morph.9.1,NČ,urn:cts:croala:marul01.croala754085.croala-lat2w:group.text8.body.div5.div3.l23.w1,1105261.0,,,,,,,,,,,,,,,,,
estlocus1,Phrygię,Hieropoli Phrygię post hęc comprensus in urbe,Phrygia,urn:cite:croala:latlexent.lex80048.1,urn:cite:croala:latmorph.morph.4.1,NČ,urn:cts:croala:marul01.croala754085.croala-lat2w:group.text8.body.div5.div3.l23.w2,1105266.0,,,,,,,,,,,,,,,,,
estlocus4,Martis,Ducitur ad Martis templa prophana dei.,Mars,urn:cite:perseus:latlexent.lex4923.1,urn:cite:croala:latmorph.morph.11.1,NČ,urn:cts:croala:marul01.croala754085.croala-lat2w:group.text8.body.div5.div3.l4.w3,1104733.0,,,,,,,,,,,,,,,,,
estlocus1,Armenię,Impiger Armenię protinus arua petit.,Armenia,urn:cite:croala:latlexent.lex80049.1,urn:cite:croala:latmorph.morph.4.1,NČ,urn:cts:croala:marul01.croala754085.croala-lat2w:group.text8.body.div5.div4.l20.w2,1105991.0,,,,,,,,,,,,,,,,,
estlocus1,Albanum,Albanum ueniens patitur tormenta tyranni,Albanum,urn:cite:croala:latlexent.lex80050.1,urn:cite:croala:latmorph.morph.15.1,NČ,urn:cts:croala:marul01.croala754085.croala-lat2w:group.text8.body.div5.div4.l21.w1,1106013.0,,,,,,,,,,,,,,,,,
estlocus1,Lycaonię,Rura Lycaonię celeri percurrere gressu,Lycaonia,urn:cite:croala:latlexent.lex80051.1,urn:cite:croala:latmorph.morph.4.1,NČ,urn:cts:croala:marul01.croala754085.croala-lat2w:group.text8.body.div5.div4.l5.w2,1105603.0,,,,,,,,,,,,,,,,,
estlocus1,Hispania,Post hęc occisi rapuit Hispania corpus:,Hispania,urn:cite:perseus:latlexent.lex3818.1,urn:cite:croala:latmorph.morph.6.1,NČ,urn:cts:croala:marul01.croala754085.croala-lat2w:group.text8.body.div5.div5.l19.w5,1106755.0,,,,,,,,,,,,,,,,,
estlocus3,Hispanos,"Transit ad Hispanos atque his monstrauit Iesum,",Hispani,urn:cite:perseus:latlexent.lex3817.1,urn:cite:croala:latmorph.morph.27.1,NČ,urn:cts:croala:marul01.croala754085.croala-lat2w:group.text8.body.div5.div5.l5.w3,1106350.0,,,,,,,,,,,,,,,,,
estlocus1,Ephesum,"Inde Ephesum rediens Drusianam suscitat, ipsum",Ephesus,urn:cite:croala:latlexent.lex80052.1,urn:cite:croala:latmorph.morph.1.1,NČ,urn:cts:croala:marul01.croala754085.croala-lat2w:group.text8.body.div5.div6.l11.w2,1107143.0,,,,,,,,,,,,,,,,,
estlocus4,Dianę,"Post hęc orando subuertit templa Dianę,",Diana,urn:cite:croala:latlexent.lex80053.1,urn:cite:croala:latmorph.morph.4.1,NČ,urn:cts:croala:marul01.croala754085.croala-lat2w:group.text8.body.div5.div6.l31.w6,1107729.0,,,,,,,,,,,,,,,,,
estlocus1,Asię,Vnus cuncta Asię sacra sacella regens.,Asia,urn:cite:croala:latlexent.lex80042.1,urn:cite:croala:latmorph.morph.4.1,NČ,urn:cts:croala:marul01.croala754085.croala-lat2w:group.text8.body.div5.div6.l40.w3,1107960.0,,,,,,,,,,,,,,,,,
estlocus1,Epheso,Ex Epheso Romam tractus feruente nequiuit,Ephesus,urn:cite:croala:latlexent.lex80052.1,urn:cite:croala:latmorph.morph.2.1,NČ,urn:cts:croala:marul01.croala754085.croala-lat2w:group.text8.body.div5.div6.l7.w2,1107022.0,,,,,,,,,,,,,,,,,
estlocus1,Romam,Ex Epheso Romam tractus feruente nequiuit,Roma,urn:cite:perseus:latlexent.lex7232.1,urn:cite:croala:latmorph.morph.1.1,NČ,urn:cts:croala:marul01.croala754085.croala-lat2w:group.text8.body.div5.div6.l7.w3,1107027.0,,,,,,,,,,,,,,,,,
estlocus1,Pathmo,"Exulat in Pathmo, cecinit tunc multa futura",Patmos,urn:cite:perseus:latlexent.lex6324.1,urn:cite:croala:latmorph.morph.9.1,NČ,urn:cts:croala:marul01.croala754085.croala-lat2w:group.text8.body.div5.div6.l9.w3,1107092.0,,,,,,,,,,,,,,,,,
estlocus1,Edessa,"Vrbs Edessa quidem corpus ueneratur et ossa,",Edessa,urn:cite:perseus:latlexent.lex2926.1,urn:cite:croala:latmorph.morph.6.1,NČ,urn:cts:croala:marul01.croala754085.croala-lat2w:group.text8.body.div5.div7.l31.w2,1108995.0,,,,,,,,,,,,,,,,,
estlocus3,Indos,"Sed, magis extremos postquam transiuit ad Indos,",Indi,urn:cite:perseus:latlexent.lex4031.1,urn:cite:croala:latmorph.morph.27.1,NČ,urn:cts:croala:marul01.croala754085.croala-lat2w:group.text8.body.div5.div7.l7.w7,1108281.0,,,,,,,,,,,,,,,,,
estlocus1,Persidis,Illinc exactos Persidis ora tulit.,Persis,urn:cite:croala.latlexent.lex80043.1,urn:cite:croala:latmorph.morph.4.1,NČ,urn:cts:croala:marul01.croala754085.croala-lat2w:group.text8.body.div5.div8.l12.w3,1109399.0,,,,,,,,,,,,,,,,,
estlocus1,Iudea,Hic in Iudea doctrinę semina sanctę,Judaea,urn:cite:perseus:latlexent.lex4208.1,urn:cite:croala:latmorph.morph.2.1,NČ,urn:cts:croala:marul01.croala754085.croala-lat2w:group.text8.body.div5.div8.l3.w3,1109155.0,,,,,,,,,,,,,,,,,
estlocus2,Macedum,In Macedum campos sparsit et Ęthiopum.,Macedae,urn:cite:croala:latlexent.lex80055.1,urn:cite:croala:latmorph.morph.30.1,NČ,urn:cts:croala:marul01.croala754085.croala-lat2w:group.text8.body.div5.div8.l4.w2,1109178.0,,,,,,,,,,,,,,,,,
estlocus1,Nadabar,Metropolis Nadabar circumdata moenibus altis,Nadabar,urn:cite:croala:latlexent.lex80056.1,urn:cite:croala:latmorph.morph.6.1,NČ,urn:cts:croala:marul01.croala754085.croala-lat2w:group.text8.body.div5.div8.l5.w2,1109209.0,,,,,,,,,,,,,,,,,
estlocus1,Delmatię,Delmatię lętis olim generatus in oris,Delmatia,urn:cite:croala:latlexent.lex80074.1,urn:cite:croala:latmorph.morph.4.1,NČ,urn:cts:croala:marul01.croala754085.croala-lat2w:group.text8.body.div6.div1.l1.w1,1114568.0,,,,,,,,,,,,,,,,,
estlocus1,Latium,"Nam Latium linquens Syrię deserta petisti,",Latium,urn:cite:perseus:latlexent.lex4374.1,urn:cite:croala:latmorph.morph.15.1,NČ,urn:cts:croala:marul01.croala754085.croala-lat2w:group.text8.body.div6.div1.l23.w2,1115205.0,,,,,,,,,,,,,,,,,
estlocus1,Syrię,"Nam Latium linquens Syrię deserta petisti,",Syria,urn:cite:perseus:latlexent.lex8134.1,urn:cite:croala:latmorph.morph.4.1,NČ,urn:cts:croala:marul01.croala754085.croala-lat2w:group.text8.body.div6.div1.l23.w4,1115214.0,,,,,,,,,,,,,,,,,
estlocus1,Roma,"Cur sint, Roma, tuis tectis pręlata superbis,",Roma,urn:cite:perseus:latlexent.lex7232.1,urn:cite:croala:latmorph.morph.7.1,NČ,urn:cts:croala:marul01.croala754085.croala-lat2w:group.text8.body.div6.div1.l27.w3,1115317.0,,,,,,,,,,,,,,,,,
estlocus1,Solymis,"Ossa uiri, Solymis defuncti, Roma recępit:",Solymae,urn:cite:croala:latlexent.lex80071.1,urn:cite:croala:latmorph.morph.22.1,NČ,urn:cts:croala:marul01.croala754085.croala-lat2w:group.text8.body.div6.div1.l51.w3,1116006.0,,,,,,,,,,,,,,,,,
estlocus1,Roma,"Ossa uiri, Solymis defuncti, Roma recępit:",Roma,urn:cite:perseus:latlexent.lex7232.1,urn:cite:croala:latmorph.morph.6.1,NČ,urn:cts:croala:marul01.croala754085.croala-lat2w:group.text8.body.div6.div1.l51.w5,1116018.0,,,,,,,,,,,,,,,,,
estlocus1,Solymis,Christus nanque mori Solymis elegit et idem,Solymae,urn:cite:croala:latlexent.lex80071.1,urn:cite:croala:latmorph.morph.22.1,NČ,urn:cts:croala:marul01.croala754085.croala-lat2w:group.text8.body.div6.div1.l53.w4,1116073.0,,,,,,,,,,,,,,,,,
estlocus1,Romam,Ecclesię Romam pręstitit esse caput.,Roma,urn:cite:perseus:latlexent.lex7232.1,urn:cite:croala:latmorph.morph.1.1,NČ,urn:cts:croala:marul01.croala754085.croala-lat2w:group.text8.body.div6.div1.l54.w2,1116096.0,,,,,,,,,,,,,,,,,
estlocus1,Olympum,Ergo sydereum merito conscendit Olympum,Olympus,urn:cite:croala:latlexent.lex80060.1,urn:cite:croala:latmorph.morph.8.1,NČ,urn:cts:croala:marul01.croala754085.croala-lat2w:group.text8.body.div6.div2.l21.w5,1116744.0,,,,,,,,,,,,,,,,,
estlocus3,Insubrum,"Hic postquam Insubrum pręses peruenit ad urbem,",Insubres,urn:cite:perseus:latlexent.lex4053.1,urn:cite:croala:latmorph.morph.30.1,NČ,urn:cts:croala:marul01.croala754085.croala-lat2w:group.text8.body.div6.div2.l9.w3,1116369.0,,,,,,,,,,,,,,,,,
estlocus2,Iulęę,"Pręsul Iulęę fuerat Gregorius urbis,",Iuleus,urn:cite:croala:latlexent.lex80057.1,urn:cite:croala:latmorph.morph.105.1,NČ,urn:cts:croala:marul01.croala754085.croala-lat2w:group.text8.body.div6.div4.l1.w2,1117058.0,,,,,,,,,,,,,,,,,
estlocus4,Thuscos,"Nuper petenti tibi ut Francisci Petrarchę, inter Thuscos poetas facundissimi, de beata Maria matre semper uirgine cantilenam suo uernaculo sermone compositam Latinam facerem, negare non potui, licet enim partim ingenii eruditionisque meę paruitas, partim ipsa uertendi difficultas ab eo me non parum dehortarentur. Sunt quippe linguarum proprietates quędam ita natura comparatę ut multa quę in alio idiomate apte, apposite lepideque dicuntur in aliud conuersa degenerare uideantur atque deficere.",Tuscus,urn:cite:perseus:latlexent.lex8721.1,urn:cite:croala:latmorph.morph.59.1,NČ,urn:cts:croala:marul01.croala754085.croala-lat2w:group.text9.body.div1.div1.p1.w8,1117540.0,,,,,,,,,,,,,,,,,
estlocus4,Threicio,"Tam cito Threicio cornu uolat acta sagitta,",Threicius,urn:cite:perseus:latlexent.lex8450.1,urn:cite:croala:latmorph.morph.117.1,NČ,urn:cts:croala:marul01.croala754085.croala-lat2w:group.text9.body.div1.div2.l105.w3,1121878.0,,,,,,,,,,,,,,,,,
estlocus1,Arnus,"Immo ex quo genitum ripis tulit Arnus Ethruscis,",Arnus,urn:cite:perseus:latlexent.lex888.1,urn:cite:croala:latmorph.morph.13.1,NČ,urn:cts:croala:marul01.croala754085.croala-lat2w:group.text9.body.div1.div2.l93.w7,1121530.0,,,,,,,,,,,,,,,,,
estlocus2,Ethruscis,"Immo ex quo genitum ripis tulit Arnus Ethruscis,",Etruscus,urn:cite:perseus:latlexent.lex3097.1,urn:cite:croala:latmorph.morph.44.1,NČ,urn:cts:croala:marul01.croala754085.croala-lat2w:group.text9.body.div1.div2.l93.w8,1121535.0,,,,,,,,,,,,,,,,,
