CITE URN,Latin lemma,Short description,Created by,Created on
urn:cite:croala:latlexent.lex98011.1,Sithonius,adjective for belonging to or of Sithone,http://orcid.org/0000-0002-0438-6049,2016-10-26
urn:cite:croala:latlexent.lex56987.1,Thebaeus,adjective for belonging to or of Thebae,http://orcid.org/0000-0002-0438-6049,2016-10-26
urn:cite:croala:latlexent.lex11024.1,Salmacis,name of a Nymph related to a spring in Caria,http://orcid.org/0000-0002-0438-6049,2016-10-26
urn:cite:croala:latlexent.lex23581.1,Thebanus,adjective for belonging to or of Thebae,http://orcid.org/0000-0002-0438-6049,2016-10-26
urn:cite:croala:latlexent.lex80059.1,Peneius,adjective for belonging to or of Peneus,http://orcid.org/0000-0002-0438-6049,2016-11-01
urn:cite:croala:latlexent.lex80060.1,Olympus,name for starry sky,http://orcid.org/0000-0002-0438-6049,2016-11-01
urn:cite:croala:latlexent.lex55879.1,Castalis,name for a female belonging to or of a spring on Mount Parnassus,http://orcid.org/0000-0002-0438-6049,2016-10-26
urn:cite:croala:latlexent.lex55870.1,Labyrinthus,name of a place in Crete,http://orcid.org/0000-0002-0438-6049,2016-10-26
urn:cite:croala:latlexent.lex24151.1,Icarius,adjective for beloning to or of Icarus,http://orcid.org/0000-0002-0438-6049,2016-10-28
urn:cite:croala:latlexent.lex23421.1,Cynthius,name of god Apollo,http://orcid.org/0000-0002-0438-6049,2016-10-28
urn:cite:croala:latlexent.lex23423.1,Cynthius,adjective of belonging to or of Cynthus,http://orcid.org/0000-0002-0438-6049,2016-11-01
urn:cite:croala:latlexent.lex23422.1,Cynthia,name of goddess Diana,http://orcid.org/0000-0002-0438-6049,2016-10-28
urn:cite:croala:latlexent.lex80061.1,Herebus,"another name of Erebus, the Lower World",http://orcid.org/0000-0002-0438-6049,2016-11-01
urn:cite:croala:latlexent.lex20421.1,Parthenope,"name of a city in Italy, Naples",http://orcid.org/0000-0002-0438-6049,2016-10-28
urn:cite:croala:latlexent.lex21421.1,Spalatensis,adjective for belonging to or of Spalatum,http://orcid.org/0000-0002-0438-6049,2016-10-28
urn:cite:croala:latlexent.lex80062.1,Turchicus,adjective for belonging to or of Turcae,http://orcid.org/0000-0002-0438-6049,2016-11-01
urn:cite:croala:latlexent.lex80063.1,Aonis,name for a female dweller of Aonia,http://orcid.org/0000-0002-0438-6049,2016-11-01
urn:cite:croala:latlexent.lex21321.1,Spalatinus,adjective for belonging to or of Spalatum,http://orcid.org/0000-0002-0438-6049,2016-10-28
urn:cite:croala:latlexent.lex91827.1,Argivus,adjective for belonging to or of Argos,http://orcid.org/0000-0002-0438-6049,2016-10-28
urn:cite:croala:latlexent.lex96767.1,Nemeaeus,adjective for belonging to or of Nemea,http://orcid.org/0000-0002-0438-6049,2016-10-28
urn:cite:croala:latlexent.lex65301.1,Erymantheus,adjective for belonging to or of Erymantheus,http://orcid.org/0000-0002-0438-6049,2016-10-28
urn:cite:croala:latlexent.lex29802.1,Tragurinus,adjective for belonging to or of Tragurium,http://orcid.org/0000-0002-0438-6049,2016-10-28
urn:cite:croala:latlexent.lex89215.1,Ariminensis,name of an inhabitant of Ariminium,http://orcid.org/0000-0002-0438-6049,2016-10-28
urn:cite:croala:latlexent.lex80064.1,Ariminea,name of the poem related to the town of Ariminium,http://orcid.org/0000-0002-0438-6049,2016-11-01
urn:cite:croala:latlexent.lex80065.1,Phlegraeus,adjective of belonging to or of Phlegra,http://orcid.org/0000-0002-0438-6049,2016-11-01
urn:cite:croala:latlexent.lex80066.1,Cyrrha,name of the town Cyrrhus,http://orcid.org/0000-0002-0438-6049,2016-11-01
urn:cite:croala:latlexent.lex29812.1,Pharensis,adjective for belonging to or of Pharus,http://orcid.org/0000-0002-0438-6049,2016-10-28
urn:cite:croala:latlexent.lex34156.1,Hyblaeus,adjective for belonging to or of Mount Hybla,http://orcid.org/0000-0002-0438-6049,2016-10-28
urn:cite:croala:latlexent.lex21216.1,Pharos,name of a town on the island of Pharos,http://orcid.org/0000-0002-0438-6049,2016-10-28
urn:cite:croala.latlexent.lex22341.1,Pisae,"name of a town in Italy, Pisa",http://orcid.org/0000-0002-0438-6049,2016-10-28
urn:cite:croala:latlexent.lex22342.1,Pisa,"another name of a town in Italy, Pisa",http://orcid.org/0000-0002-0438-6049,2016-11-01
urn:cite:croala:latlexent.lex87965.1,Indus,adjective for belonging to or of India,http://orcid.org/0000-0002-0438-6049,2016-10-29
urn:cite:croala:latlexent.lex92341.1,Ithacensis,adjective for belonging to or of Ithaca,http://orcid.org/0000-0002-0438-6049,2016-10-29
urn:cite:croala:latlexent.lex21245.1,Fluentinus,"adjective for belonging to or of Fluentia, Florence",http://orcid.org/0000-0002-0438-6049,2016-10-29
urn:cite:croala:latlexent.lex43452.1,Hiberus,"adjective for belonging to or of Hiberia, Spain",http://orcid.org/0000-0002-0438-6049,2016-10-29
urn:cite:croala:latlexent.lex32435.1,Florentinus,"adjective for belonging to or of Florentia, Florence",http://orcid.org/0000-0002-0438-6049,2016-10-29
urn:cite:croala:latlexent.lex21341.1,Spalatum,"name of a city in Croatia, Split",http://orcid.org/0000-0002-0438-6049,2016-10-29
urn:cite:croala:latlexent.lex65210.1,Illyricus,name of an inhabitant of Illyricum,http://orcid.org/0000-0002-0438-6049,2016-10-29
urn:cite:croala:latlexent.lex67754.1,Cyrrhaeus,adjective for belonging to or of Cyrrhus,http://orcid.org/0000-0002-0438-6049,2016-10-29
urn:cite:croala:latlexent.lex41201.1,Libycus,adjective for belonging to or of Lybia,http://orcid.org/0000-0002-0438-6049,2016-10-29
urn:cite:croala:latlexent.lex21124.1,Bellorophonteus,adjective for belonging to or of Bellerophon,http://orcid.org/0000-0002-0438-6049,2016-10-29
urn:cite:croala:latlexent.lex21145.1,Turcae,name for inhabitants of Turkey,http://orcid.org/0000-0002-0438-6049,2016-10-29
urn:cite:croala:latlexent.lex22245.1,Spalatensis,name for an inhabitant of Spalatum,http://orcid.org/0000-0002-0438-6049,2016-10-29
urn:cite:croala:latlexent.lex80067.1,Graius,adjective for belonging to or of the Greeks,http://orcid.org/0000-0002-0438-6049,2016-11-01
urn:cite:croala:latlexent.lex55421.1,Phlegethonteus,adjective for belonging to or of Phlegethon,http://orcid.org/0000-0002-0438-6049,2016-10-29
urn:cite:croala:latlexent.lex44578.1,Pegasis,female adjective for belonging to or of Hippocrene,http://orcid.org/0000-0002-0438-6049,2016-10-29
urn:cite:croala:latlexent.lex52236.1,Gaetulus,adjective for belonging to or of Gaetuli,http://orcid.org/0000-0002-0438-6049,2016-10-29
urn:cite:croala:latlexent.lex56632.1,Hyrcanus,adjective for belonging to or of Hyrcani,http://orcid.org/0000-0002-0438-6049,2016-10-29
urn:cite:croala:latlexent.lex42331.1,Gargaphius,adjective for belonging to or of Gargaphie*,http://orcid.org/0000-0002-0438-6049,2016-10-29
urn:cite:croala:latlexent.lex80068.1,Tartara,"name of the lower world, Tartarus",http://orcid.org/0000-0002-0438-6049,2016-11-01
urn:cite:croala:latlexent.lex80069.1,Eurus,name of a southeastern wind,http://orcid.org/0000-0002-0438-6049,2016-11-01
urn:cite:croala:latlexent.lex80071.1,Solymae,"alternative name for the town of Hierosolyma, Jerusalem",http://orcid.org/0000-0002-0438-6049,2016-11-01
urn:cite:croala:latlexent.lex80070.1,Myrrhaeus,adjective for belonging to or of the town of Myrrha,http://orcid.org/0000-0002-0438-6049,2016-11-01
urn:cite:croala:latlexent.lex80072.1,Lydda,name of a town,http://orcid.org/0000-0002-0438-6049,2016-11-01
urn:cite:croala:latlexent.lex80040.1,Babylonia,name of a province,http://orcid.org/0000-0002-0438-6049,2016-10-29
urn:cite:croala:latlexent.lex80073.1,Senaria,name of a town,http://orcid.org/0000-0002-0438-6049,2016-11-01
urn:cite:croala:latlexent.lex80074.1,Bethlemum,another name of the town Bethlehem,http://orcid.org/0000-0002-0438-6049,2016-11-01
urn:cite:croala:latlexent.lex80041.1,Media,name of a country,http://orcid.org/0000-0002-0438-6049,2016-10-29
urn:cite:croala:latlexent.lex80042.1,Asia,name of a region,http://orcid.org/0000-0002-0438-6049,2016-10-29
urn:cite:croala:latlexent.lex80043.1,Persis,name of a country,http://orcid.org/0000-0002-0438-6049,2016-10-29
urn:cite:croala:latlexent.lex80044.1,Treveris,"name of a town of the Treviri, Augusta Treverorum, Trier",http://orcid.org/0000-0002-0438-6049,2016-10-29
urn:cite:croala:latlexent.lex80045.1,Giscalis,"name of a town in Galilea, Giscala",http://orcid.org/0000-0002-0438-6049,2016-10-29
urn:cite:croala:latlexent.lex80046.1,Salamina,name of a Greek island,http://orcid.org/0000-0002-0438-6049,2016-10-29
urn:cite:croala:latlexent.lex80047.1,Asiacus,adjective of belonging to or of Asia,http://orcid.org/0000-0002-0438-6049,2016-10-29
urn:cite:croala:latlexent.lex80075.1,Hieropolis,alternative name of the town of Hierapolis in Phrygia,http://orcid.org/0000-0002-0438-6049,2016-11-01
urn:cite:croala:latlexent.lex80048.1,Phrygia,name of a province,http://orcid.org/0000-0002-0438-6049,2016-10-30
urn:cite:croala:latlexent.lex80049.1,Armenia,name of a province,http://orcid.org/0000-0002-0438-6049,2016-10-30
urn:cite:croala:latlexent.lex80050.1,Albanum,name of a town,http://orcid.org/0000-0002-0438-6049,2016-10-30
urn:cite:croala:latlexent.lex80051.1,Lycaonia,name of a province,http://orcid.org/0000-0002-0438-6049,2016-10-30
urn:cite:croala:latlexent.lex80052.1,Ephesus,name of a town,http://orcid.org/0000-0002-0438-6049,2016-10-30
urn:cite:croala:latlexent.lex80053.1,Diana,name of a goddess,http://orcid.org/0000-0002-0438-6049,2016-10-30
urn:cite:croala:latlexent.lex80055.1,Macedae,another name of people Macetai,http://orcid.org/0000-0002-0438-6049,2016-10-30
urn:cite:croala:latlexent.lex80056.1,Nadabar,name of a town,http://orcid.org/0000-0002-0438-6049,2016-10-30
urn:cite:croala:latlexent.lex800741,Delmatia,another name of Dalmatia,http://orcid.org/0000-0002-0438-6049,2016-11-01
urn:cite:croala:latlexent.lex80057.1,Iuleus,adjective for belonging to or of Iulus,http://orcid.org/0000-0002-0438-6049,2016-10-30
urn:cite:croala:latlexent.lex80076.1,Chiron,another name of Sciron,http://orcid.org/0000-0002-0438-6049,2016-11-02
urn:cite:croala:latletxent.lex89172.1,gymnasium,"word for a public school, a highschool, college",http://orcid.org/0000-0002-9119-399X,2016-10-19
urn:cite:croala:latletxent.lex89173.1,Gregorius,A personal name.,http://orcid.org/0000-0002-9119-399X,2016-10-19
urn:cite:croala:latlexent.lex12653.1,Imola,Name of a city in Italy.,http://orcid.org/0000-0002-9119-399X,2016-10-09+02:00
urn:cite:croala:latlexent.lex12776.1,Bosti,Name for the Italian town Bosco Marengo.,http://orcid.org/0000-0002-9119-399X,2016-10-09+02:00
urn:cite:croala:latlexent.lex14928.1,Taruixium,"Name of a city in Italy, Treviso.",http://orcid.org/0000-0002-9119-399X,2016-10-09+02:00
urn:cite:croala:latlexent.lex14996.1,Ambrosius,A personal name.,http://orcid.org/0000-0002-9119-399X,2016-10-09+02:00
urn:cite:croala:latlexent.lex15143.1,Maiolus,A personal name.,http://orcid.org/0000-0002-9119-399X,2016-10-09+02:00
urn:cite:croala:latlexent.lex22082.1,Hungaria,Name of a state in East-Central Europe.,http://orcid.org/0000-0002-9119-399X,2016-10-09+02:00
urn:cite:croala:latlexent.lex2372.1,Liguria,Name of a region in Italy.,http://orcid.org/0000-0002-9119-399X,2016-10-09+02:00
urn:cite:croala:latlexent.lex2382.1,Saona,Name of a city in Italy.,http://orcid.org/0000-0002-9119-399X,2016-10-09+02:00
urn:cite:croala:latlexent.lex23841.1,Praga,Name of a city in Bohemia.,http://orcid.org/0000-0002-9119-399X,2016-10-09+02:00
urn:cite:croala:latlexent.lex25611.1,Vianna,"Name of a city in Europe, Vienna.",http://orcid.org/0000-0002-9119-399X,2016-10-09+02:00
urn:cite:croala:latlexent.lex26333.1,Carnicum,Name of a region in East-Central Europe.,http://orcid.org/0000-0002-9119-399X,2016-10-09+02:00
urn:cite:croala:latlexent.lex26446.1,Europa,"In an extended signification, name of the continent of Europe.",http://orcid.org/0000-0002-9119-399X,2016-10-09+02:00
urn:cite:croala:latlexent.lex26716.1,Austria,Name of a state in central Europe.,http://orcid.org/0000-0002-9119-399X,2016-10-09+02:00
urn:cite:croala:latlexent.lex27429.1,Alba,"Name of a city in Hungary, Székesfehérvár.",http://orcid.org/0000-0002-9119-399X,2016-10-09+02:00
urn:cite:croala:latlexent.lex29072.1,Alemannia,Name of a state in Europe.,http://orcid.org/0000-0002-9119-399X,2016-10-09+02:00
urn:cite:croala:latlexent.lex30189.1,Buda,Name of a city in Hungary.,http://orcid.org/0000-0002-9119-399X,2016-10-09+02:00
urn:cite:croala:latlexent.lex3151.1,Senae,Name of a city in Italy (Umbria).,http://orcid.org/0000-0002-9119-399X,2016-10-09+02:00
urn:cite:croala:latlexent.lex32295.1,Dacicum,Name of the province Dacia.,http://orcid.org/0000-0002-9119-399X,2016-10-09+02:00
urn:cite:croala:latlexent.lex34308.1,Rhacusa,Name of a city in Dalmatia.,http://orcid.org/0000-0002-9119-399X,2016-10-09+02:00
urn:cite:croala:latlexent.lex34329.1,Dalmatia,Name of a region on the eastern coast of the Adriatic.,http://orcid.org/0000-0002-9119-399X,2016-10-09+02:00
urn:cite:croala:latlexent.lex35118.1,Rhacosium,"Name of the field near Buda in Hungary, Rákos-mező.",http://orcid.org/0000-0002-9119-399X,2016-10-09+02:00
urn:cite:croala:latlexent.lex35195.1,Pestum,Name of a city in Hungary.,http://orcid.org/0000-0002-9119-399X,2016-10-09+02:00
urn:cite:croala:latlexent.lex35196.1,Pestanus,Belonging to a city Pest in Hungary.,http://orcid.org/0000-0002-9119-399X,2016-10-09+02:00
urn:cite:croala:latlexent.lex35245.1,Danubius,Name of the river Danube.,http://orcid.org/0000-0002-9119-399X,2016-10-09+02:00
urn:cite:croala:latlexent.lex35575.1,Adriaticum,A name for the Adriatic Sea.,http://orcid.org/0000-0002-9119-399X,2016-10-09+02:00
urn:cite:croala:latlexent.lex35658.1,Euxinum,Name of the Black Sea.,http://orcid.org/0000-0002-9119-399X,2016-10-09+02:00
urn:cite:croala:latlexent.lex36171.1,Dravus,Name of a river in East-Central Europe.,http://orcid.org/0000-0002-9119-399X,2016-10-09+02:00
urn:cite:croala:latlexent.lex36771.1,Macedonia,Name of a state in Europe.,http://orcid.org/0000-0002-9119-399X,2016-10-09+02:00
urn:cite:croala:latlexent.lex36788.1,Illyricum,Name of a region in Europe.,http://orcid.org/0000-0002-9119-399X,2016-10-09+02:00
urn:cite:croala:latlexent.lex37963.1,Raxia,"Name of a state in Europe, Serbia.",http://orcid.org/0000-0002-9119-399X,2016-10-09+02:00
urn:cite:croala:latlexent.lex38242.1,Asia,"In an extended signification, name of the region Asia Minor, and of the continent Asia.",http://orcid.org/0000-0002-9119-399X,2016-10-09+02:00
urn:cite:croala:latlexent.lex38340.1,Moschovia,Name of a city and state in Russia.,http://orcid.org/0000-0002-9119-399X,2016-10-09+02:00
urn:cite:croala:latlexent.lex38424.1,Hyrcanum,Name of the Caspian Sea,http://orcid.org/0000-0002-9119-399X,2016-10-09+02:00
urn:cite:croala:latlexent.lex4108.1,Vicheria,"Name of a city in Italy, Voghera.",http://orcid.org/0000-0002-9119-399X,2016-10-09+02:00
urn:cite:croala:latlexent.lex4145.1,Ticinium,"Name of a city in Italy, Pavia.",http://orcid.org/0000-0002-9119-399X,2016-10-09+02:00
urn:cite:croala:latlexent.lex4171.1,Venetiae,"Name of a city in Italy, Venezia.",http://orcid.org/0000-0002-9119-399X,2016-10-09+02:00
urn:cite:croala:latlexent.lex4189.1,Perusium,Name of a city in Italy.,http://orcid.org/0000-0002-9119-399X,2016-10-09+02:00
urn:cite:croala:latlexent.lex4207.1,Ferraria,Name of a city in Italy.,http://orcid.org/0000-0002-9119-399X,2016-10-09+02:00
urn:cite:croala:latlexent.lex435.1,Sixtus,A personal name.,http://orcid.org/0000-0002-9119-399X,2016-10-09+02:00
urn:cite:croala:latlexent.lex45266.1,Polonia,Name of a state in Europe.,http://orcid.org/0000-0002-9119-399X,2016-10-09+02:00
urn:cite:croala:latlexent.lex473.1,Modrusiensis,Adjective describing belonging to a city of Modruš (Croatia).,http://orcid.org/0000-0002-9119-399X,2016-10-09+02:00
urn:cite:croala:latlexent.lex50557.1,Bohemia,Name of a state in central Europe.,http://orcid.org/0000-0002-9119-399X,2016-10-09+02:00
urn:cite:croala:latlexent.lex61489.1,Valdanus,"Name of a river in Europe, Una.",http://orcid.org/0000-0002-9119-399X,2016-10-09+02:00
urn:cite:croala:latlexent.lex61527.1,Drinus,Name of a river in East-Central Europe.,http://orcid.org/0000-0002-9119-399X,2016-10-09+02:00
urn:cite:croala:latlexent.lex61578.1,Bossina,"Name of a state in East-Central Europe, Bosnia (Bosna).",http://orcid.org/0000-0002-9119-399X,2016-10-09+02:00
urn:cite:croala:latlexent.lex62244.1,Iaiza,"Name of a city in Bosnia, Jajce.",http://orcid.org/0000-0002-9119-399X,2016-10-09+02:00
urn:cite:croala:latlexent.lex63462.1,Rhodus,Name of an island and a city on the coast of Asia Minor.,http://orcid.org/0000-0002-9119-399X,2016-10-09+02:00
urn:cite:croala:latlexent.lex64462.1,Scarvisius,"Name of a river in Hungary, Sárvíz.",http://orcid.org/0000-0002-9119-399X,2016-10-09+02:00
urn:cite:croala:latlexent.lex67890.1,Batha,"Name of a city in Hungary, Báta.",http://orcid.org/0000-0002-9119-399X,2016-10-09+02:00
urn:cite:croala:latlexent.lex77221.1,Visegradum,"Name of a city in Bohemia, Vyšehrad.",http://orcid.org/0000-0002-9119-399X,2016-10-09+02:00
urn:cite:croala:latlexent.lex89171.1,Strigonium,Name of a city in Hungary,http://orcid.org/0000-0002-9119-399X,2016-10-09+02:00
urn:cite:croala:latlextent.lext89173.1,Neapolitanus,Adjective describing belonging to the city of Neapolis.,http://orcid.org/0000-0001-5515-6545,2016-10-24
urn:cite:croala:latlextent.lext89174.1,Oechalicus,Adjective describing belonging to the city of Oechalia,http://orcid.org/0000-0001-5515-6545,2016-10-24
urn:cite:croala:latlexent.lext89175.1,Mycenaeus,Adjective describing belonging to the city of Mycenae,http://orcid.org/0000-0001-5515-6545,2016-10-24
urn:cite:croala:latlextent.lext89176.1,Thymbraeus,Adjective describing belonging to the town of Thymbra,http://orcid.org/0000-0001-5515-6545,2016-10-24
urn:cite:croala:latlexent.lext89177.1,Hellespontiacus,Adjective describing belonging to the Hellespont,http://orcid.org/0000-0001-5515-6545,2016-10-24
urn:cite:croala:latlexent.lext89178.1,Memphiticus,Adjective describing belonging to the city Memphis (Egypt),http://orcid.org/0000-0001-5515-6545,2016-10-24
urn:cite:croala:latlexent.lext89179.1,Dalmaticus,Adjective describing belonging to the region of Dalmatia,http://orcid.org/0000-0001-5515-6545,2016-10-25
urn:cite:croala:latlexent.lext89180.1,Smyrneus,Adjective describing belonging to city of Smyrna,,
urn:cite:croala:latlexent.lext89181.1,Idumaeus,Adjective describing belonging to the province Edom in Palestine.,http://orcid.org/0000-0002-2135-6343,2016-10-25
urn:cite:croala:latlexent.lext89182.1,Scythicus,Adjective describing belonging to Scythia,http://orcid.org/0000-0001-5515-6545,2016-10-25
urn:cite:croala:latlexent.lext89183.1,Bethleemicus,Adjective describing belonging to Bethlehem.,http://orcid.org/0000-0002-2135-6343,2016-10-25
urn:cite:croala:latlexent.lext89184.1,Dircaeus,"Adjective describing belonging to the region of the Dirce fountain. (Thebes, Boeotia)",http://orcid.org/0000-0001-5515-6545,2016-10-25
urn:cite:croala:latlexent.lex50001.1,Abdua,"Name of a river in Upper Italy, Addua, (Adda).",http://orcid.org/0000-0003-1457-7081 ,2016-10-25
urn:cite:croala:latlexent.lex50002.1,Hadrianopolitanus,Adjective describing belonging to the city of Hadrianapolis. (Adrianopolitanus),http://orcid.org/0000-0003-1457-7081 ,2016-10-25
urn:cite:croala:latlexent.lex50003.1,Adriaticus,Adjective referring to the Adriatic sea. Adriatic.,http://orcid.org/0000-0003-1457-7081 ,2016-10-25
urn:cite:croala:latlexent.lex50004.1,Adrium,Name of a mountain on the border of Croatia and Bosnia and Herzegovina. Dinara. ,http://orcid.org/0000-0003-1457-7081 ,2016-10-25
urn:cite:croala:latlexent.lex50005.1,Aegyptius,Name for the inhabitant of Egypt. Egyptian.,http://orcid.org/0000-0003-1457-7081 ,2016-10-25
urn:cite:croala:latlexent.lex50006.1,Agria,"Name of a city in Hungary. Eger, Jeger.",http://orcid.org/0000-0003-1457-7081 ,2016-10-25
urn:cite:croala:latlexent.lex50007.1,Agrianus,Adjective describing belonging to Agria (Eger). ,http://orcid.org/0000-0003-1457-7081 ,2016-10-25
urn:cite:croala:latlexent.lex50008.1,Agriensis,Adjective describing belonging to Agria (Eger). ,http://orcid.org/0000-0003-1457-7081 ,2016-10-26
urn:cite:croala:latlexent.lex50009.1,Echionius,"Adjective describing the city of Thebes as founded by the aid of Echion. Echionian, Theban.",http://orcid.org/0000-0002-2135-6343,2016-10-26
urn:cite:croala:latlexent.lex50010.1,Bohaemus,Adjective describing belonging to Bohemia.,http://orcid.org/0000-0002-2135-6343,2016-10-26
urn:cite:croala:latlexent.lex50011.1,Borysthenius,"Adjective describing belonging to the river Borysthenes, now the Dnieper.",http://orcid.org/0000-0002-2135-6343,2016-10-26
urn:cite:croala:latlexent.lex50012.1,Adriacus,Adjective referring to the Adriatic Sea.,http://orcid.org/0000-0002-2135-6343,2016-10-26
urn:cite:croala:latlexent.lex50013.1,Alba,Name of a city in northwestern Romania. Alba Iulia. ,http://orcid.org/0000-0003-1457-7081 ,2016-10-26
urn:cite:croala:latlexent.lex50014.1,Francia,"Name of the land of the Franks, later France.",http://orcid.org/0000-0002-2135-6343,2016-10-26
urn:cite:croala:latlexent.lex50015.1,Assyrii,Name for the Assyrian people.,http://orcid.org/0000-0002-2135-6343,2016-10-26
urn:cite:croala:latlexent.lex50016.1,Rhodopeius,"Adjective describing belonging to Rhodope, a mountain region in Thrace.",http://orcid.org/0000-0001-5515-6545,2016-10-26
urn:cite:croala:latlexent.lex50017.1,Nemeaeus,Adjective describing belonging to Nemea,http://orcid.org/0000-0001-5515-6545,2016-10-26
urn:cite:croala:latlexent.lex50018.1,Idume,Poetic name for a region of Palestine. Idumaea.,http://orcid.org/0000-0002-2135-6343,2016-10-26
urn:cite:croala:latlexent.lex50019.1,Arabs,The name for an Arabian.,http://orcid.org/0000-0002-2135-6343,2016-10-26
urn:cite:croala:latlexent.lex50020.1,Antenoreus,"Adjective describing belonging to Antenor (a noble Trojan) or, in an extended signification, to Padua. Patavian, Paduan.",http://orcid.org/0000-0002-2135-6343,2016-10-26
urn:cite:croala:latlexent.lex50021.1,Gnosiacus,Adjective describing belonging to Knossos (Crete).,http://orcid.org/0000-0001-5515-6545,2016-10-26
urn:cite:croala:latlexent.lex50022.1,Judaeus,Adjective describing belonging to Judea. Jewish.,http://orcid.org/0000-0002-2135-6343,2016-10-26
urn:cite:croala:latlexent.lex50023.1,Jordanis,Name of the principal river of Palestine (Jordan).,http://orcid.org/0000-0002-2135-6343,2016-10-26
urn:cite:croala:latlexent.lex50024.1,Albania,Name of a province in Illyricum. ,http://orcid.org/0000-0003-1457-7081 ,2016-10-26
urn:cite:croala:latlexent.lex50025.1,Albensis,Adjective pertaining to the city of Alba Regia (Székesfehérvár).,http://orcid.org/0000-0003-1457-7081 ,2016-10-26
urn:cite:croala:latlexent.lex50026.1,Albius,"Name of a mountain range in south-central Croatia, Kapela.",http://orcid.org/0000-0003-1457-7081 ,2016-10-26
urn:cite:croala:latlexent.lex50027.1,Alemanus,Name for the inhabitant of Germany. German.,http://orcid.org/0000-0003-1457-7081 ,2016-10-26
urn:cite:croala:latlexent.lex50028.1,Alemanicus,Adjective pertaining to Alemania (Germany). ,http://orcid.org/0000-0003-1457-7081 ,2016-10-26
urn:cite:croala:latlexent.lex50029.1,Perrhebus,Adjective describing belonging to Perrhaebia,http://orcid.org/0000-0001-5515-6545,2016-10-27
urn:cite:croala:latlexent.lex50030.1,Nestus,Name of a river in Thrace.,http://orcid.org/0000-0001-5515-6545,2016-10-27
urn:cite:croala:latlexent.lex50031.1,Alexandria,"Name of a city in Italy, in the region Piedmont. Alessandria.",http://orcid.org/0000-0003-1457-7081 ,2016-10-27
urn:cite:croala:latlexent.lex50032.1,Alexandria,Name of a city in Egypt. ,http://orcid.org/0000-0003-1457-7081 ,2016-10-27
urn:cite:croala:latlexent.lex50033.1,Amasya,"Name of a town in Galatia, modern Turkey. Amisia.",http://orcid.org/0000-0003-1457-7081 ,2016-10-27
urn:cite:croala:latlexent.lex50034.1,Ambracius,"Adjective pertaining to Ambracia, town in Epirus. Ambrachius.",http://orcid.org/0000-0003-1457-7081 ,2016-10-27
urn:cite:croala:latlexent.lex50035.1,Amisia,"Name of a town in Galatia, modern Turkey. Amasya.",http://orcid.org/0000-0003-1457-7081 ,2016-10-27
urn:cite:croala:latlexent.lex50036.1,Amysus,"Name of a town in Galatia, modern Turkey. Amasya.",http://orcid.org/0000-0003-1457-7081 ,2016-10-27
urn:cite:croala:latlexent.lex50037.1,Angira,Name of a town in Turkey. Ankara. ,http://orcid.org/0000-0003-1457-7081 ,2016-10-27
urn:cite:croala:latlexent.lex50038.1,Antibarensis,"Adjective pertaining to the city Bar on the Adriatic coast, in Montenegro. ",http://orcid.org/0000-0003-1457-7081 ,2016-10-27
urn:cite:croala:latlexent.lex50039.1,Aphrica,Name denoting Africa. ,http://orcid.org/0000-0003-1457-7081 ,2016-10-27
urn:cite:croala:latlexent.lex50040.1,Aquilea,Name of a town in northern Italy. ,http://orcid.org/0000-0003-1457-7081 ,2016-10-27
urn:cite:croala:latlexent.lex50041.1,Aquileiensis,Adjective pertaining to Aquileia.,http://orcid.org/0000-0003-1457-7081 ,2016-10-27
urn:cite:croala:latlexent.lex50042.1,Erythraeus,Adjective pertaining to the Erythraean Sea.,http://orcid.org/0000-0002-2135-6343,2016-10-28
urn:cite:croala:latlexent.lex50043.1,Hymettius,"Adjective describing belonging to Hymettus (a mountain near Athens, famed for its honey and its marble).",http://orcid.org/0000-0002-2135-6343,2016-10-28
urn:cite:croala:latlexent.lex50044.1,Cirrhaeus,"Adjective describing belonging to Cirrha (a very ancient town in Phocis, near Delphi, devoted to Apollo).",http://orcid.org/0000-0002-2135-6343,2016-10-28
urn:cite:croala:latlexent.lex50045.1,Hyblaeus,"Adjective describing belonging to Mount Hybla (a mountain of Sicily abounding in flowers and bees, with a city of the same name). (Hyblean)",http://orcid.org/0000-0002-2135-6343,2016-10-28
urn:cite:croala:latlexent.lex50046.1,Idalius,Adjective describing belonging to Idalium (Idalian mountain).,http://orcid.org/0000-0002-2135-6343,2016-10-28
urn:cite:croala:latlexent.lex50047.1,Averna,"Name of a lake near Naples (Avernus), between Baiae and Cumae, in Campania, now Lago d’ Averno. Near it was one of the entrances to Hades; hence, the lower world.",http://orcid.org/0000-0002-2135-6343,2016-10-28
urn:cite:croala:latlexent.lex50048.1,Germania,Name of the country of the Germans (Germany).,http://orcid.org/0000-0002-2135-6343,2016-10-28
urn:cite:croala:latlexent.lex50049.1,Dacicus,Adjective describing belonging to Dacia (Dacian).,http://orcid.org/0000-0002-2135-6343,2016-10-28
urn:cite:croala:latlexent.lex50050.1,Dionaeus,"Adjective pertaining to Dione, mother of Venus (Dionaean).",http://orcid.org/0000-0002-2135-6343,2016-10-28
urn:cite:croala:latlexent.lex50051.1,Bereniceus,Adjective pertaining to Berenice or to a constellation in heaven (Coma or Crinis Berenices).,http://orcid.org/0000-0002-2135-6343,2016-10-28
urn:cite:croala:latlexent.lex50052.1,Ausonius,Adjective describing belonging to Italy (Ausonian; Italian).,http://orcid.org/0000-0002-2135-6343,2016-10-28
urn:cite:croala:latlexent.lex50053.1,Ariminium,"Name of a town in Italy, Ariminum. Rimini.",http://orcid.org/0000-0003-1457-7081 ,2016-10-29
urn:cite:croala:latlexent.lex50054.1,Armenia,"Name for the region between Asia Minor, Persia and Caucasus. ",http://orcid.org/0000-0003-1457-7081 ,2016-10-29
urn:cite:croala:latlexent.lex50055.1,Armoricus,Adjective pertaining to Aremorica. Aremoricus. ,http://orcid.org/0000-0003-1457-7081 ,2016-10-29
urn:cite:croala:latlexent.lex50056.1,Arpispolis,Name of a town in Odessa province in Ukraine. Tatarbunar.,http://orcid.org/0000-0003-1457-7081 ,2016-10-29
urn:cite:croala:latlexent.lex50057.1,Corcyraeus,"Adjective describing belonging to Corcyra, Corcyraean.",http://orcid.org/0000-0002-2135-6343,2016-10-30
urn:cite:croala:latlexent.lex50058.1,Astensis,"Adjective pertaining to Asta, city in Italy (modern Asti).",http://orcid.org/0000-0003-1457-7081 ,2016-10-30
urn:cite:croala:latlexent.lex50059.1,Atria,Name of an Etruscan city in Italy. ,http://orcid.org/0000-0003-1457-7081 ,2016-10-30
urn:cite:croala:latlexent.lex50060.1,Aulon,Name of a city in Albania. Vlorë. ,http://orcid.org/0000-0003-1457-7081 ,2016-10-30
urn:cite:croala:latlexent.lex50061.1,Assyricus,Adjective describing belonging to Assyria.,http://orcid.org/0000-0001-5515-6545,2016-10-31
urn:cite:croala:latlexent.lex50062.1,Syrticus,Adjective describing belonging to Syrtis.,http://orcid.org/0000-0001-5515-6545,2016-10-31
urn:cite:croala:latlexent.lex50063.1,Methymnaeus,Adjective describing belonging to Methymna.,http://orcid.org/0000-0001-5515-6545,2016-10-31
urn:cite:croala:latlexent.lex50064.1,Ephyreus,Adjective describing belonging to Ephyra (Corinth).,http://orcid.org/0000-0001-5515-6545,2016-10-31
urn:cite:croala:latlexent.lex50065.1,Calaber,Adjective describing belonging to Calabria.,http://orcid.org/0000-0001-5515-6545,2016-10-31
urn:cite:croala:latlexent.lex50066.1,Corinthiacus,Adjective describing belonging to Corinth.,http://orcid.org/0000-0001-5515-6545,2016-10-31
urn:cite:croala:latlexent.lex50067.1,Stimphalis,"Adjective describing belonging to Stymphalus, a lake of Arcadia.",http://orcid.org/0000-0001-5515-6545,2016-10-31
urn:cite:croala:latlexent.lex50068.1,Lacinius,Adjective describing belonging to Lacinium where there was a temple dedicated to Juno.,http://orcid.org/0000-0001-5515-6545,2016-10-31
urn:cite:croala:latlexent.lex50069.1,Berecynthius,Adjective describing belonging to the mountain Berecyntus.,http://orcid.org/0000-0001-5515-6545,2016-10-31
urn:cite:croala:latlexent.lex50070.1,Laethe,Name of a river in the underworld.,http://orcid.org/0000-0001-5515-6545,2016-10-31
urn:cite:croala:latlexent.lex50071.1,Tybris,Name of a river in Italy ,http://orcid.org/0000-0001-5515-6545,2016-10-31
urn:cite:croala:latlexent.lex50072.1,Austriacus,Adjective pertaining to Austria. ,http://orcid.org/0000-0003-1457-7081 ,2016-11-01
urn:cite:croala:latlexent.lex50073.1,Babylopolis,Name for a part of the city of Cairo.  ,http://orcid.org/0000-0003-1457-7081 ,2016-11-01
urn:cite:croala:latlexent.lex50074.1,Babylopolitanus,Adjective pertaining to Babylopolis.,http://orcid.org/0000-0003-1457-7081 ,2016-11-01
urn:cite:croala:latlexent.lex50075.1,Bacia,Name of a city in Hungary. Bács.  ,http://orcid.org/0000-0003-1457-7081 ,2016-11-01
urn:cite:croala:latlexent.lex50076.1,Baciensis,Adjective pertaining to Bacia. ,http://orcid.org/0000-0003-1457-7081 ,2016-11-01
urn:cite:croala:latlexent.lex50077.1,Erythra,"A king of southern Asia (Arabia or Persia), after whom the Red Sea, or the Arabian and Persian Gulfs, were named.",http://orcid.org/0000-0002-2135-6343,2016-11-01
urn:cite:croala:latlexent.lex50078.1,Ismarius,"Adjective describing belonging to Ismarus (Ismarian, Thracian).",http://orcid.org/0000-0002-2135-6343,2016-11-01
urn:cite:croala:latlexent.lex50079.1,Caucaseus,Adjective describing belonging to Caucasus (Caucasian).,http://orcid.org/0000-0002-2135-6343,2016-11-01
urn:cite:croala:latlexent.lex50080.1,Illyris,Adjective describing belonging to Illyria (Illyrian).,http://orcid.org/0000-0002-2135-6343,2016-11-01
urn:cite:croala:latlexent.lex50081.1,Antilia,Name for a phantom island that was reputed to lie far to the west of Portugal and Spain.,http://orcid.org/0000-0002-2135-6343,2016-11-01
urn:cite:croala:latlexent.lex50082.1,Cyclopeus,"Adjective describing belonging to the Cyclopes (saxa, in Sicily).",http://orcid.org/0000-0002-2135-6343,2016-11-01
urn:cite:croala:latlexent.lex50083.1,Ituraeus,"Adjective describing belonging to Ituraea, a district of Coelesyria, the inhabitants of which were celebrated as archers (Ituraean).",http://orcid.org/0000-0002-2135-6343,2016-11-02
urn:cite:croala:latlexent.lex50084.1,Assyrius,Adjective describing belonging to Assyria.,http://orcid.org/0000-0002-2135-6343,2016-11-02
urn:cite:croala:latlexent.lex50085.1,Cytheriacus,Adjective describing belonging to Cythera (an island in the Aegean Sea).,http://orcid.org/0000-0002-2135-6343,2016-11-02
urn:cite:croala:latlexent.lex50086.1,Ausonia,"An ancient name of middle and lower Italy; Italy, in general.",http://orcid.org/0000-0002-2135-6343,2016-11-02
urn:cite:croala:latlexent.lex50087.1,Caledonius,"Adjective describing belonging to Caledonia (the province of the ancient Britons, now the Highlands in the northern part of Scotland).",http://orcid.org/0000-0002-2135-6343,2016-11-02
urn:cite:croala:latlexent.lex50088.1,Colchiacus,"Adjective describing belonging to Colchics (a province in Asia, east of the Black Sea).",http://orcid.org/0000-0002-2135-6343,2016-11-02
urn:cite:croala:latlexent.lex50089.1,Flamminia,Name of an ancient Roman road (Via Flaminia).,http://orcid.org/0000-0002-2135-6343,2016-11-02
urn:cite:croala:latlexent.lex50090.1,Hebraeus,"Adjective describing belonging to the Hebrews, Hebrew.",http://orcid.org/0000-0002-2135-6343,2016-11-03
urn:cite:croala:latlexent.lex50091.1,Heliconius,"Adjective describing belonging to Helicon, Heliconian.",http://orcid.org/0000-0002-2135-6343,2016-11-03
urn:cite:croala:latlexent.lex50092.1,Appius,Adjective describing belonging to Via Appia (the Appian Way).,http://orcid.org/0000-0002-2135-6343,2016-11-03
urn:cite:croala:latlexent.lex50093.1,Flaminius,Adjective describing belonging to Via Flaminia (the Flaminian Way).,http://orcid.org/0000-0002-2135-6343,2016-11-03
urn:cite:croala:latlexent.lex50094.1,Cimmerius,Adjective describing belonging to Cimmeria.,http://orcid.org/0000-0002-2135-6343,2016-11-03
urn:cite:croala:latlexent.lex50095.1,Cretaeus,"Adjective describing belonging to Crete, Cretan.",http://orcid.org/0000-0002-2135-6343,2016-11-03
urn:cite:croala:latlexent.lex50096.1,Ausonis,Adjective describing belonging to Ausonia.,http://orcid.org/0000-0002-2135-6343,2016-11-03
urn:cite:croala:latlexent.lex50097.1,Chaonis,Adjective describing belonging to the Chaonians.,http://orcid.org/0000-0002-2135-6343,2016-11-03
urn:cite:croala:latlexent.lex50098.1,Achelous,Adjective describing belonging to the river Achelous.,http://orcid.org/0000-0002-2135-6343,2016-11-03
urn:cite:croala:latlexent.lex50099.1,Byzantius,Adjective describing belonging to Byzantium.,http://orcid.org/0000-0002-2135-6343,2016-11-03
urn:cite:croala:latlexent.lex50100.1,Balearis,Adjective describing belonging to the Balearic Islands.,http://orcid.org/0000-0002-2135-6343,2016-11-03
urn:cite:croala:latlexent.lex50101.1,Pylius,Adjective describing belonging to Pylos,http://orcid.org/0000-0001-5515-6545,2016-11-03
urn:cite:croala:latlexent.lex50102.1,Taenarum,Name of a promontory and town in Laconia,http://orcid.org/0000-0001-5515-6545,2016-11-03
urn:cite:croala:latlexent.lex50103.1,Ceraunia,"Name of a ridge of mountains in Epirus, on the borders of Grecian Illyria.",http://orcid.org/0000-0002-2135-6343,2016-11-04
urn:cite:croala:latlexent.lex50104.1,Cyrenae,Name of the chief town of a province of the same name in Libya.,http://orcid.org/0000-0002-2135-6343,2016-11-04
urn:cite:croala:latlexent.lex50105.1,Oeteus,Adjective describing belonging to Mt. Oeta,http://orcid.org/0000-0001-5515-6545,2016-11-09

urn:cite:croala:latlexent.lex50240,AMADOCENUS,TBA,http://orcid.org/0000-0002-9119-399X,2016-12-03
urn:cite:croala:latlexent.lex50222,AURELIENSIS,TBA,http://orcid.org/0000-0002-9119-399X,2016-12-03
urn:cite:croala:latlexent.lex50212,BALATHON,TBA,http://orcid.org/0000-0002-9119-399X,2016-12-03
urn:cite:croala:latlexent.lex50248,BARICIUM,TBA,http://orcid.org/0000-0002-9119-399X,2016-12-03
urn:cite:croala:latlexent.lex50229,BARLETUM,TBA,http://orcid.org/0000-0002-9119-399X,2016-12-03
urn:cite:croala:latlexent.lex50162,BELGICUS,TBA,http://orcid.org/0000-0002-9119-399X,2016-12-03
urn:cite:croala:latlexent.lex50249,BELGRADUM,TBA,http://orcid.org/0000-0002-9119-399X,2016-12-03
urn:cite:croala:latlexent.lex50239,BERESINA,TBA,http://orcid.org/0000-0002-9119-399X,2016-12-03
urn:cite:croala:latlexent.lex50237,BIZANTIUM,TBA,http://orcid.org/0000-0002-9119-399X,2016-12-03
urn:cite:croala:latlexent.lex50202,BOHEMICUS,TBA,http://orcid.org/0000-0002-9119-399X,2016-12-03
urn:cite:croala:latlexent.lex50225,BOIANA,TBA,http://orcid.org/0000-0002-9119-399X,2016-12-03
urn:cite:croala:latlexent.lex50211,BOSPHORUS,TBA,http://orcid.org/0000-0002-9119-399X,2016-12-03
urn:cite:croala:latlexent.lex50218,BOSSINATES,TBA,http://orcid.org/0000-0002-9119-399X,2016-12-03
urn:cite:croala:latlexent.lex50174,BOSSINENSIS,TBA,http://orcid.org/0000-0002-9119-399X,2016-12-03
urn:cite:croala:latlexent.lex50223,BRITHONES,TBA,http://orcid.org/0000-0002-9119-399X,2016-12-03
urn:cite:croala:latlexent.lex50235,BRIXIANUS,TBA,http://orcid.org/0000-0002-9119-399X,2016-12-03
urn:cite:croala:latlexent.lex50118,BUDENSIS,TBA,http://orcid.org/0000-0002-9119-399X,2016-12-03
urn:cite:croala:latlexent.lex50217,BURNUM,TBA,http://orcid.org/0000-0002-9119-399X,2016-12-03
urn:cite:croala:latlexent.lex50234,CAMERACENSIS,TBA,http://orcid.org/0000-0002-9119-399X,2016-12-03
urn:cite:croala:latlexent.lex50215,CANADIENSIS,TBA,http://orcid.org/0000-0002-9119-399X,2016-12-03
urn:cite:croala:latlexent.lex50114,CARNICUS,TBA,http://orcid.org/0000-0002-9119-399X,2016-12-03
urn:cite:croala:latlexent.lex50246,CAËRENSIS,TBA,http://orcid.org/0000-0002-9119-399X,2016-12-03
urn:cite:croala:latlexent.lex50241,CAËRIUM,TBA,http://orcid.org/0000-0002-9119-399X,2016-12-03
urn:cite:croala:latlexent.lex50128,CHORUATI,TBA,http://orcid.org/0000-0002-9119-399X,2016-12-03
urn:cite:croala:latlexent.lex50166,CIRCUMISTRANUS,TBA,http://orcid.org/0000-0002-9119-399X,2016-12-03
urn:cite:croala:latlexent.lex50107,COLOCIENSES,TBA,http://orcid.org/0000-0002-9119-399X,2016-12-03
urn:cite:croala:latlexent.lex50137,CONSTANTINOPOLITANUS,TBA,http://orcid.org/0000-0002-9119-399X,2016-12-03
urn:cite:croala:latlexent.lex50117,DACIA,TBA,http://orcid.org/0000-0002-9119-399X,2016-12-03
urn:cite:croala:latlexent.lex50139,EUROPEUS,TBA,http://orcid.org/0000-0002-9119-399X,2016-12-03
urn:cite:croala:latlexent.lex50179,FEDUARENSIS,TBA,http://orcid.org/0000-0002-9119-399X,2016-12-03
urn:cite:croala:latlexent.lex50183,FEUDARENSIS,TBA,http://orcid.org/0000-0002-9119-399X,2016-12-03
urn:cite:croala:latlexent.lex50113,HUNGARICUS,TBA,http://orcid.org/0000-0002-9119-399X,2016-12-03
urn:cite:croala:latlexent.lex50109,HUNGARUS,TBA,http://orcid.org/0000-0002-9119-399X,2016-12-03
urn:cite:croala:latlexent.lex50171,HUNNA,TBA,http://orcid.org/0000-0002-9119-399X,2016-12-03
urn:cite:croala:latlexent.lex50135,MOESIA,TBA,http://orcid.org/0000-0002-9119-399X,2016-12-03
urn:cite:croala:latlexent.lex50125,MOLDOVII,TBA,http://orcid.org/0000-0002-9119-399X,2016-12-03
urn:cite:croala:latlexent.lex50144,MOSCOVIA,TBA,http://orcid.org/0000-0002-9119-399X,2016-12-03
urn:cite:croala:latlexent.lex50124,NORICI,TBA,http://orcid.org/0000-0002-9119-399X,2016-12-03
urn:cite:croala:latlexent.lex50147,PANNONICUS,TBA,http://orcid.org/0000-0002-9119-399X,2016-12-03
urn:cite:croala:latlexent.lex50108,PANNONII,TBA,http://orcid.org/0000-0002-9119-399X,2016-12-03
urn:cite:croala:latlexent.lex50181,PELUSIENSIS,TBA,http://orcid.org/0000-0002-9119-399X,2016-12-03
urn:cite:croala:latlexent.lex50110,POLONI,TBA,http://orcid.org/0000-0002-9119-399X,2016-12-03
urn:cite:croala:latlexent.lex50156,POLONICUS,TBA,http://orcid.org/0000-0002-9119-399X,2016-12-03
urn:cite:croala:latlexent.lex50121,RHACOSIUS,TBA,http://orcid.org/0000-0002-9119-399X,2016-12-03
urn:cite:croala:latlexent.lex50145,RHACUSANUS,TBA,http://orcid.org/0000-0002-9119-399X,2016-12-03
urn:cite:croala:latlexent.lex50140,RHAXANI,TBA,http://orcid.org/0000-0002-9119-399X,2016-12-03
urn:cite:croala:latlexent.lex50130,RHAXIANI,TBA,http://orcid.org/0000-0002-9119-399X,2016-12-03
urn:cite:croala:latlexent.lex50143,RHIPHAEUS,TBA,http://orcid.org/0000-0002-9119-399X,2016-12-03
urn:cite:croala:latlexent.lex50158,SARMATAE,TBA,http://orcid.org/0000-0002-9119-399X,2016-12-03
urn:cite:croala:latlexent.lex50160,SARMATICUS,TBA,http://orcid.org/0000-0002-9119-399X,2016-12-03
urn:cite:croala:latlexent.lex50129,SCLAVENI,TBA,http://orcid.org/0000-0002-9119-399X,2016-12-03
urn:cite:croala:latlexent.lex50169,SEPUSIENSIS,TBA,http://orcid.org/0000-0002-9119-399X,2016-12-03
urn:cite:croala:latlexent.lex50115,STRIGONIENSIS,TBA,http://orcid.org/0000-0002-9119-399X,2016-12-03
urn:cite:croala:latlexent.lex50106,DOMNIUS,TBA,http://orcid.org/0000-0002-9119-399X,2016-12-03
urn:cite:croala:latlexent.lex50146,TRANSILVANUS,TBA,http://orcid.org/0000-0002-9119-399X,2016-12-03
urn:cite:croala:latlexent.lex50116,TRANSISTRANUS,TBA,http://orcid.org/0000-0002-9119-399X,2016-12-03
urn:cite:croala:latlexent.lex50185,TRIBUNIENSES,TBA,http://orcid.org/0000-0002-9119-399X,2016-12-03
urn:cite:croala:latlexent.lex50126,VALACHI,TBA,http://orcid.org/0000-0002-9119-399X,2016-12-03
urn:cite:croala:latlexent.lex50204,VARADINENSIS,TBA,http://orcid.org/0000-0002-9119-399X,2016-12-03
urn:cite:croala:latlexent.lex50177,VARANENSIS,TBA,http://orcid.org/0000-0002-9119-399X,2016-12-03
urn:cite:croala:latlexent.lex50187,VERANENSIS,TBA,http://orcid.org/0000-0002-9119-399X,2016-12-03
urn:cite:croala:latlexent.lex50196,VISEGRADIENSIS,TBA,http://orcid.org/0000-0002-9119-399X,2016-12-03
