estLocus,Nomen,Textus,LEMMA,LOCI CITE URN,ANNOTATOR INITIALS,CTS URN,SEQUENCE,,,,,,,,,,,,,,,,,
estlocus4,Eoae,"Qui tamen Eoae gemmas immiscuit algae ,",Eous,45300.0,NJ,urn:cts:croala:crije02.croala292491.croala-lat2w:body.div1.div1.l121.w3,4690.0,,,,,,,,,,,,,,,,,
estlocus4,Idumeis,"Spirat Idumeis nardus amoena rubis ,",Idumaeus,45301.0,AŽ,urn:cts:croala:crije02.croala292491.croala-lat2w:body.div1.div1.l142.w2,5349.0,,,,,,,,,,,,,,,,,
estlocus3,Ditis,"Te , lucemque tuam tremit Orcus et intima Ditis",Dis,50633.0,AŽ,urn:cts:croala:crije02.croala292491.croala-lat2w:body.div1.div1.l159.w8,5896.0,,,,,,,,,,,,,,,,,
estlocus2,Eoo,Quid dicam Eoo uenerandis littore cunis,Eous,45300.0,AŽ,urn:cts:croala:crije02.croala292491.croala-lat2w:body.div1.div1.l191.w3,6892.0,,,,,,,,,,,,,,,,,
estlocus1,Bactra,Memnonias liquere domos atque ultima Bactra,Bactra,45302.0,AŽ,urn:cts:croala:crije02.croala292491.croala-lat2w:body.div1.div1.l195.w6,7020.0,,,,,,,,,,,,,,,,,
estlocus1,Aurorae,"Et procul Aurorae ditia regna suae ,",aurora,45303.0,AŽ,urn:cts:croala:crije02.croala292491.croala-lat2w:body.div1.div1.l196.w3,7036.0,,,,,,,,,,,,,,,,,
estlocus2,Bethlemica,Vtque recognoscunt Bethlemica culmina tantum,Bethleemicus,45304.0,AŽ,urn:cts:croala:crije02.croala292491.croala-lat2w:body.div1.div1.l207.w3,7347.0,,,,,,,,,,,,,,,,,
estlocus1,Idumeos,"Iam per Idumeos iter irreuocabile tendunt ,",Idumaeus,45301.0,AŽ,urn:cts:croala:crije02.croala292491.croala-lat2w:body.div1.div1.l211.w3,7451.0,,,,,,,,,,,,,,,,,
estlocus2,Idaei,"Idaei tibi ficta Iouis cunabula cedant ,",Idaeus,50646.0,AŽ,urn:cts:croala:crije02.croala292491.croala-lat2w:body.div1.div1.l241.w1,8426.0,,,,,,,,,,,,,,,,,
estlocus1,Iordanem,"Iordanem , loto sacra fluenta Deo ?",Jordanes,45305.0,AŽ,urn:cts:croala:crije02.croala292491.croala-lat2w:body.div1.div1.l264.w1,9214.0,,,,,,,,,,,,,,,,,
estlocus4,Archtois,Dira uel Archtois piscibus esca natant ;,arctous,,AŽ,urn:cts:croala:crije02.croala292491.croala-lat2w:body.div1.div2.l104.w3,13197.0,,,,,,,,,,,,,,,,,
estlocus1,Ister,Ister anhelantes decolor auxit aquas .,Ister,50653.0,AŽ,urn:cts:croala:crije02.croala292491.croala-lat2w:body.div1.div2.l106.w1,13245.0,,,,,,,,,,,,,,,,,
estlocus1,Istrum,Inferiisque suis populatum mitiget Istrum,Ister,50653.0,AŽ,urn:cts:croala:crije02.croala292491.croala-lat2w:body.div1.div2.l113.w5,13469.0,,,,,,,,,,,,,,,,,
estlocus2,Echioniis,Aut quod Echioniis uix fas est credere Thebis :,Echionius,,AŽ,urn:cts:croala:crije02.croala292491.croala-lat2w:body.div1.div2.l119.w3,13640.0,,,,,,,,,,,,,,,,,
estlocus1,Buda,"Non igitur proauos te sospite Buda requirat ,",Buda,30189.0,AŽ,urn:cts:croala:crije02.croala292491.croala-lat2w:body.div1.div2.l63.w6,11919.0,,,,,,,,,,,,,,,,,
estlocus2,Boemo,Quae merito crines regno sociata Boemo,Bohaemus,50557.0,AŽ,urn:cts:croala:crije02.croala292491.croala-lat2w:body.div1.div2.l71.w6,12190.0,,,,,,,,,,,,,,,,,
estlocus2,Illyrico,"Gaudet in Illyrico littore Roma loqui ,",Illyricus,36788.0,AŽ,urn:cts:croala:crije02.croala292491.croala-lat2w:body.div1.div2.l8.w3,10048.0,,,,,,,,,,,,,,,,,
estlocus1,Arctos,"Iure tuis igitur sociabilis Arctos habenis ,",Arctos,,AŽ,urn:cts:croala:crije02.croala292491.croala-lat2w:body.div1.div2.l81.w5,12498.0,,,,,,,,,,,,,,,,,
estlocus1,Ister,Te septemgeminis Ister adorat aquis ;,Ister,50653.0,AŽ,urn:cts:croala:crije02.croala292491.croala-lat2w:body.div1.div2.l86.w3,12654.0,,,,,,,,,,,,,,,,,
estlocus2,Borystenii,"Teque Borystenii latices uenerantur et Albis ,",Borysthenius,45306.0,AŽ,urn:cts:croala:crije02.croala292491.croala-lat2w:body.div1.div2.l87.w2,12678.0,,,,,,,,,,,,,,,,,
estlocus3,Hunnos,Sic uastare Hunnos et desolare profectus,Hunni,,AŽ,urn:cts:croala:crije02.croala292491.croala-lat2w:body.div1.div2.l95.w3,12937.0,,,,,,,,,,,,,,,,,
estlocus1,Adria,"Sed ne , interiectis tot molibus , Adria clausus",Adria,35575.0,AŽ,urn:cts:croala:crije02.croala292491.croala-lat2w:body.div1.div20.l5.w6,33797.0,,,,,,,,,,,,,,,,,
estlocus2,Adriacas,"Adriacas tendat proximus horror aquas ,",Adriacus,35575.0,AŽ,urn:cts:croala:crije02.croala292491.croala-lat2w:body.div1.div21.l2.w1,33967.0,,,,,,,,,,,,,,,,,
estlocus3,Gallorum,3 . Ad regem Gallorum,Galli,38545.0,AŽ,urn:cts:croala:crije02.croala292491.croala-lat2w:body.div1.div3.head.w4,15566.0,,,,,,,,,,,,,,,,,
estlocus1,Alpes,"Inuictus quid enim ? uix Alpes scandis , et ecce",Alpes,45308.0,AŽ,urn:cts:croala:crije02.croala292491.croala-lat2w:body.div1.div3.l11.w5,15942.0,,,,,,,,,,,,,,,,,
estlocus1,Italiae,Obuia deditio totius Italiae !,Italia,4240.0,AŽ,urn:cts:croala:crije02.croala292491.croala-lat2w:body.div1.div3.l12.w4,15978.0,,,,,,,,,,,,,,,,,
estlocus4,Eoas,Rursus ad Eoas continuata domos .,Eous,,AŽ,urn:cts:croala:crije02.croala292491.croala-lat2w:body.div1.div3.l26.w3,16441.0,,,,,,,,,,,,,,,,,
estlocus4,Eois,Et sese Eois petit integrare triumphis :,Eous,,AŽ,urn:cts:croala:crije02.croala292491.croala-lat2w:body.div1.div3.l31.w3,16601.0,,,,,,,,,,,,,,,,,
estlocus1,Italiaeque,"Italiaeque tibi propioribus inuidet oris ,",Italia,4240.0,AŽ,urn:cts:croala:crije02.croala292491.croala-lat2w:body.div1.div3.l35.w1,16737.0,,,,,,,,,,,,,,,,,
estlocus2,Adriaci,"Parua uel Adriaci deuouet ora freti ,",Adriacus,35575.0,AŽ,urn:cts:croala:crije02.croala292491.croala-lat2w:body.div1.div3.l36.w3,16773.0,,,,,,,,,,,,,,,,,
estlocus1,Francia,Vt pedes oppositas Francia calcet aquas .,Francia,38545.0,AŽ,urn:cts:croala:crije02.croala292491.croala-lat2w:body.div1.div3.l40.w4,16913.0,,,,,,,,,,,,,,,,,
estlocus3,Gallos,"Trans freta nanque simul Gallos spectare licebit ,",Galli,38545.0,AŽ,urn:cts:croala:crije02.croala292491.croala-lat2w:body.div1.div3.l41.w5,16949.0,,,,,,,,,,,,,,,,,
estlocus2,Illyriae,"Illyriae tellus reparabitur , obruta surget",Illyria,36788.0,AŽ,urn:cts:croala:crije02.croala292491.croala-lat2w:body.div1.div3.l47.w1,17153.0,,,,,,,,,,,,,,,,,
estlocus1,Graecia,Et redimet uultus Graecia tota suos .,Graecia,38553.0,AŽ,urn:cts:croala:crije02.croala292491.croala-lat2w:body.div1.div3.l48.w4,17193.0,,,,,,,,,,,,,,,,,
estlocus1,Epidaurus,Nec mea pendendis Epidaurus moesta tributis,Epidaurus,45308.0,AŽ,urn:cts:croala:crije02.croala292491.croala-lat2w:body.div1.div3.l49.w4,17225.0,,,,,,,,,,,,,,,,,
estlocus2,Eoae,"Vrbis et Eoae lacerata potentia surget ,",Eous,,AŽ,urn:cts:croala:crije02.croala292491.croala-lat2w:body.div1.div3.l53.w3,17337.0,,,,,,,,,,,,,,,,,
estlocus1,Asia,"Aequalesque dabunt Asia atque Europa triumphos ,",Asia,38242.0,AŽ,urn:cts:croala:crije02.croala292491.croala-lat2w:body.div1.div3.l57.w3,17457.0,,,,,,,,,,,,,,,,,
estlocus1,Europa,"Aequalesque dabunt Asia atque Europa triumphos ,",Europa,26446.0,AŽ,urn:cts:croala:crije02.croala292491.croala-lat2w:body.div1.div3.l57.w5,17465.0,,,,,,,,,,,,,,,,,
estlocus3,Assyriosque,"Assyriosque ultra tendes , Garabacthra , uel Indos ,",Assyrii,50610.0,AŽ,urn:cts:croala:crije02.croala292491.croala-lat2w:body.div1.div3.l65.w1,17697.0,,,,,,,,,,,,,,,,,
estlocus3,Indos,"Assyriosque ultra tendes , Garabacthra , uel Indos ,",Indi,38540.0,AŽ,urn:cts:croala:crije02.croala292491.croala-lat2w:body.div1.div3.l65.w6,17725.0,,,,,,,,,,,,,,,,,
estlocus1,Francia,"Per maria et terras Francia uecta suas ,",Francia,38545.0,AŽ,urn:cts:croala:crije02.croala292491.croala-lat2w:body.div1.div3.l72.w5,17948.0,,,,,,,,,,,,,,,,,
estlocus1,Idume,"Victricemque piam palmis ornabit Idume ,",Idume,45301.0,AŽ,urn:cts:croala:crije02.croala292491.croala-lat2w:body.div1.div3.l73.w5,17984.0,,,,,,,,,,,,,,,,,
estlocus1,Canopo,"Nec ueneranda fero regnabitur ora Canopo ,",Canopus,45309.0,AŽ,urn:cts:croala:crije02.croala292491.croala-lat2w:body.div1.div3.l79.w6,18152.0,,,,,,,,,,,,,,,,,
estlocus1,Francia,Francia ; coniurant terra polusque simul .,Francia,38545.0,AŽ,urn:cts:croala:crije02.croala292491.croala-lat2w:body.div1.div3.l8.w1,15822.0,,,,,,,,,,,,,,,,,
estlocus1,Iordanis,"Iordanis , loto mystica lympha Deo .",Jordanis,45305.0,AŽ,urn:cts:croala:crije02.croala292491.croala-lat2w:body.div1.div3.l84.w1,18272.0,,,,,,,,,,,,,,,,,
estlocus1,Euphrates,"Tigris et Euphrates sacrabitur , Indus , Hidaspes ,",Euphrates,38573.0,AŽ,urn:cts:croala:crije02.croala292491.croala-lat2w:body.div1.div3.l85.w3,18312.0,,,,,,,,,,,,,,,,,
estlocus1,Indus,"Tigris et Euphrates sacrabitur , Indus , Hidaspes ,",Indus,38541.0,AŽ,urn:cts:croala:crije02.croala292491.croala-lat2w:body.div1.div3.l85.w5,18324.0,,,,,,,,,,,,,,,,,
estlocus1,Hidaspes,"Tigris et Euphrates sacrabitur , Indus , Hidaspes ,",Hydaspes,45310.0,AŽ,urn:cts:croala:crije02.croala292491.croala-lat2w:body.div1.div3.l85.w6,18332.0,,,,,,,,,,,,,,,,,
estlocus1,Araxes,"Inque pios latices uerti exultabit Araxes ,",Araxes,45311.0,AŽ,urn:cts:croala:crije02.croala292491.croala-lat2w:body.div1.div3.l87.w6,18392.0,,,,,,,,,,,,,,,,,
estlocus3,Arabs,"Thrax , Scytha , Maurus , Arabs , concors ditione sub una ,",Arabs,,AŽ,urn:cts:croala:crije02.croala292491.croala-lat2w:body.div1.div3.l99.w4,18861.0,,,,,,,,,,,,,,,,,
estlocus2,Hetruscis,"Tybris et Hetruscis Ilia mater aquis ,",Etruscus,,AŽ,urn:cts:croala:crije02.croala292491.croala-lat2w:body.div1.div4.l16.w3,19498.0,,,,,,,,,,,,,,,,,
estlocus2,Antenoreo,Siue Antenoreo genitrix Aquileia Timauo,Antenoreus,4158.0,AŽ,urn:cts:croala:crije02.croala292491.croala-lat2w:body.div1.div4.l17.w2,19526.0,,,,,,,,,,,,,,,,,
estlocus1,Aquileia,Siue Antenoreo genitrix Aquileia Timauo,Aquileia,45312.0,AŽ,urn:cts:croala:crije02.croala292491.croala-lat2w:body.div1.div4.l17.w4,19534.0,,,,,,,,,,,,,,,,,
estlocus2,Ionio,Turpiter Ionio lintea mille mari .,Ionius,45313.0,AŽ,urn:cts:croala:crije02.croala292491.croala-lat2w:body.div1.div4.l76.w2,21460.0,,,,,,,,,,,,,,,,,
estlocus1,Florentiam,5 . Ad Florentiam postulantem leuam Sancti Ioannis,Florentia,38539.0,AŽ,urn:cts:croala:crije02.croala292491.croala-lat2w:body.div1.div5.head.w3,21706.0,,,,,,,,,,,,,,,,,
estlocus3,Aegypthusne,Aegypthusne canes et sua monstra daret ?,Aegyptus,67946.0,AŽ,urn:cts:croala:crije02.croala292491.croala-lat2w:body.div1.div5.l46.w1,23289.0,,,,,,,,,,,,,,,,,
estlocus1,Florentia,"Tu uero poscis , quam nos , Florentia , sacram",Florentia,38539.0,AŽ,urn:cts:croala:crije02.croala292491.croala-lat2w:body.div1.div5.l47.w6,23349.0,,,,,,,,,,,,,,,,,
estlocus1,Florentia,"Quam , rogo , quam leuam poscit Florentia ? Vel si",Florentia,38539.0,AŽ,urn:cts:croala:crije02.croala292491.croala-lat2w:body.div1.div5.l5.w6,21906.0,,,,,,,,,,,,,,,,,
estlocus2,Itala,Accedet nostris Itala terra malis .,Italus,4240.0,AŽ,urn:cts:croala:crije02.croala292491.croala-lat2w:body.div1.div5.l88.w3,24860.0,,,,,,,,,,,,,,,,,
estlocus1,Ister,Sat coniuratus Tanais peccauit et Ister,Ister,50653.0,AŽ,urn:cts:croala:crije02.croala292491.croala-lat2w:body.div1.div5.l93.w6,25044.0,,,,,,,,,,,,,,,,,
estlocus4,Bandala,"Bandala sat tulimus Sarranaque saecula , Romae",LEMMA,,ANNOTATOR,urn:cts:croala:crije02.croala292491.croala-lat2w:body.div1.div5.l95.w1,25080.0,,,,,,,,,,,,,,,,,
estlocus4,Iudaea,Aut alios latices quam gens Iudaea propinat,Judaeus,38576.0,AŽ,urn:cts:croala:crije02.croala292491.croala-lat2w:body.div2.div2.l10.w6,38731.0,,,,,,,,,,,,,,,,,
estlocus1,Iordanis,"Crimina , Iordanis refluo conuersa refluxit",Jordanis,45305.0,AŽ,urn:cts:croala:crije02.croala292491.croala-lat2w:body.div2.div2.l114.w2,42251.0,,,,,,,,,,,,,,,,,
estlocus4,Iudaea,"Hunc , gentes , audite ! Tamen , Iudaea propago ,",Judaeus,38576.0,AŽ,urn:cts:croala:crije02.croala292491.croala-lat2w:body.div2.div2.l117.w5,42390.0,,,,,,,,,,,,,,,,,
estlocus2,Erythraei,Rursus Erythraei diuisa per aequora ponti,Erythraeus,38563.0,AŽ,urn:cts:croala:crije02.croala292491.croala-lat2w:body.div2.div2.l128.w2,42746.0,,,,,,,,,,,,,,,,,
estlocus4,Hymetia,Et Siculum nectar praestant et Hymetia mella .,Hymettius,45314.0,AŽ,urn:cts:croala:crije02.croala292491.croala-lat2w:body.div2.div2.l16.w6,38934.0,,,,,,,,,,,,,,,,,
estlocus4,Herebus,Aut Herebus uasta caligine teter opacet .,Erebus,50636.0,AŽ,urn:cts:croala:crije02.croala292491.croala-lat2w:body.div2.div2.l167.w2,44185.0,,,,,,,,,,,,,,,,,
estlocus4,Falerna,"Vina Falerna solent , circumfluit ubere pleno",Falernus,45315.0,AŽ,urn:cts:croala:crije02.croala292491.croala-lat2w:body.div2.div2.l207.w2,45464.0,,,,,,,,,,,,,,,,,
estlocus2,Cyrrhaeo,"Flumina , nec fragiles Cyrrhaeo e uertice laurus ,",Cirrhaeus,,AŽ,urn:cts:croala:crije02.croala292491.croala-lat2w:body.div2.div2.l5.w4,38547.0,,,,,,,,,,,,,,,,,
estlocus4,Iudaea,"Gens Iudaea ferox , immanior omnibus una",Judaeus,38576.0,AŽ,urn:cts:croala:crije02.croala292491.croala-lat2w:body.div2.div2.l60.w2,40451.0,,,,,,,,,,,,,,,,,
estlocus1,Iordanis,"Teque Iordanis sacer irrigauit ,",Jordanis,45305.0,AŽ,urn:cts:croala:crije02.croala292491.croala-lat2w:body.div2.div3.l3.w2,51216.0,,,,,,,,,,,,,,,,,
estlocus1,Acherontis,"Hostium uictrix , Acherontis horror ,",Acheron,50602.0,AŽ,urn:cts:croala:crije02.croala292491.croala-lat2w:body.div2.div3.l57.w3,52398.0,,,,,,,,,,,,,,,,,
estlocus4,Acheloia,"Num si Trinacrias , Acheloia monstra , uolucres",Acheloius,38525.0,AŽ,urn:cts:croala:crije02.croala292491.croala-lat2w:body.div2.div6.l104.w4,67645.0,,,,,,,,,,,,,,,,,
estlocus4,Acheloia,"Quando aliter tetras , Acheloia monstra , uolucres",Acheloius,38525.0,AŽ,urn:cts:croala:crije02.croala292491.croala-lat2w:body.div2.div7.l14.w4,68826.0,,,,,,,,,,,,,,,,,
estlocus2,Aethnaeis,"Effugis , Aethnaeis scopulis saxoque Sicano",Aetnaeus,50604.0,AŽ,urn:cts:croala:crije02.croala292491.croala-lat2w:body.div2.div7.l18.w2,68946.0,,,,,,,,,,,,,,,,,
estlocus4,Hyblaeisque,"Dulcior Hyblaeisque fauis fluat , illa dolores",Hyblaeus,38599.0,AŽ,urn:cts:croala:crije02.croala292491.croala-lat2w:body.div2.div7.l65.w2,70468.0,,,,,,,,,,,,,,,,,
estlocus2,Idalii,"Idalii nec si detur noua copia luci ,",Idalius,50648.0,AŽ,urn:cts:croala:crije02.croala292491.croala-lat2w:body.div3.div1.l105.w1,75932.0,,,,,,,,,,,,,,,,,
estlocus1,Ancon,Hinc tibi nec priscis ingloria laudibus Ancon,Ancon,,AŽ,urn:cts:croala:crije02.croala292491.croala-lat2w:body.div3.div1.l109.w7,76084.0,,,,,,,,,,,,,,,,,
estlocus1,Appeninus,"Transmittitque tuos glaciem Appeninus in usus ,",Apenninus,45316.0,AŽ,urn:cts:croala:crije02.croala292491.croala-lat2w:body.div3.div1.l113.w4,76192.0,,,,,,,,,,,,,,,,,
estlocus1,Adria,Lasciuire suis Adria gaudet aquis .,Adria,35575.0,AŽ,urn:cts:croala:crije02.croala292491.croala-lat2w:body.div3.div1.l116.w3,76292.0,,,,,,,,,,,,,,,,,
estlocus4,Boreas,"Haec loca foecundat Boreas , sed collis et Auster",boreas,,AŽ,urn:cts:croala:crije02.croala292491.croala-lat2w:body.div3.div1.l33.w4,73677.0,,,,,,,,,,,,,,,,,
estlocus4,Auster,"Haec loca foecundat Boreas , sed collis et Auster",auster,,AŽ,urn:cts:croala:crije02.croala292491.croala-lat2w:body.div3.div1.l33.w8,73697.0,,,,,,,,,,,,,,,,,
estlocus1,Auerna,"Noxia pestiferum uirus Auerna uomunt ,",Averna,50614.0,AŽ,urn:cts:croala:crije02.croala292491.croala-lat2w:body.div3.div1.l52.w4,74314.0,,,,,,,,,,,,,,,,,
estlocus1,Europam,"Europam atque Asiam iactitet ille licet ,",Europa,26446.0,AŽ,urn:cts:croala:crije02.croala292491.croala-lat2w:body.div3.div10.l18.w1,89065.0,,,,,,,,,,,,,,,,,
estlocus1,Asiam,"Europam atque Asiam iactitet ille licet ,",Asia,38242.0,AŽ,urn:cts:croala:crije02.croala292491.croala-lat2w:body.div3.div10.l18.w3,89073.0,,,,,,,,,,,,,,,,,
estlocus1,Germania,"Nam , uelut inuictis tribuit Germania Drusis ,",Germania,,AŽ,urn:cts:croala:crije02.croala292491.croala-lat2w:body.div3.div10.l5.w5,88630.0,,,,,,,,,,,,,,,,,
estlocus2,Dacica,"Victori aut nomen Dacica terra suo ,",Dacicus,,AŽ,urn:cts:croala:crije02.croala292491.croala-lat2w:body.div3.div10.l6.w4,88658.0,,,,,,,,,,,,,,,,,
estlocus3,Affrica,"Aut sua Scipiadae dedit Affrica , Creta Metello ,",Africa,,AŽ,urn:cts:croala:crije02.croala292491.croala-lat2w:body.div3.div10.l7.w5,88694.0,,,,,,,,,,,,,,,,,
estlocus1,Creta,"Aut sua Scipiadae dedit Affrica , Creta Metello ,",Creta,,AŽ,urn:cts:croala:crije02.croala292491.croala-lat2w:body.div3.div10.l7.w6,88702.0,,,,,,,,,,,,,,,,,
estlocus2,Haesperia,"Siue haec Haesperia est , siue Arctica stella uicissim ,",Hesperius,,AŽ,urn:cts:croala:crije02.croala292491.croala-lat2w:body.div3.div11.l27.w3,90106.0,,,,,,,,,,,,,,,,,
estlocus2,Arctica,"Siue haec Haesperia est , siue Arctica stella uicissim ,",arcticus,,AŽ,urn:cts:croala:crije02.croala292491.croala-lat2w:body.div3.div11.l27.w6,90122.0,,,,,,,,,,,,,,,,,
estlocus4,Dictaeum,"Qualia Dictaeum malit habere genus ,",Dictaeus,,AŽ,urn:cts:croala:crije02.croala292491.croala-lat2w:body.div3.div11.l32.w2,90286.0,,,,,,,,,,,,,,,,,
estlocus2,Dionaeo,"Atque Dionaeo multum praefulgurat astro ,",Dionaeus,,AŽ,urn:cts:croala:crije02.croala292491.croala-lat2w:body.div3.div11.l33.w2,90314.0,,,,,,,,,,,,,,,,,
estlocus4,Berenicaea,Et Berenicaea clarior illa coma est .,Bereniceus,,AŽ,urn:cts:croala:crije02.croala292491.croala-lat2w:body.div3.div11.l34.w2,90342.0,,,,,,,,,,,,,,,,,
estlocus1,Ferraria,"Praecipue intonsos uellit Ferraria crines ,",Ferraria,,AŽ,urn:cts:croala:crije02.croala292491.croala-lat2w:body.div3.div11.l5.w4,89395.0,,,,,,,,,,,,,,,,,
estlocus1,Arctos,Hesperus atque Arctos hanc meruere ducem .,Arctos,,AŽ,urn:cts:croala:crije02.croala292491.croala-lat2w:body.div3.div12.l4.w3,90627.0,,,,,,,,,,,,,,,,,
estlocus2,Arctoae,"Nam primum Arctoae censetur origine stellae ,",arctous,,AŽ,urn:cts:croala:crije02.croala292491.croala-lat2w:body.div3.div12.l5.w3,90659.0,,,,,,,,,,,,,,,,,
estlocus4,Hesperii,Sed mox Hesperii sanguinis illa fuit .,Hesperius,,AŽ,urn:cts:croala:crije02.croala292491.croala-lat2w:body.div3.div12.l6.w3,90691.0,,,,,,,,,,,,,,,,,
estlocus4,Ausoniis,Temperat Ausoniis Martia castra modis .,Ausonius,,AŽ,urn:cts:croala:crije02.croala292491.croala-lat2w:body.div3.div15.l16.w2,92520.0,,,,,,,,,,,,,,,,,
estlocus4,Illyrico,"Non hic Illyrico , uerum sermone Latino",Illyricus,,AŽ,urn:cts:croala:crije02.croala292491.croala-lat2w:body.div3.div15.l35.w3,93111.0,,,,,,,,,,,,,,,,,
estlocus3,Aethiopes,Aethiopes nigro tales perhibentur in aestu,Aethiops,,AŽ,urn:cts:croala:crije02.croala292491.croala-lat2w:body.div3.div16.l27.w1,94331.0,,,,,,,,,,,,,,,,,
estlocus4,Corcyraei,Aut Corcyraei regia mensa ducis .,Corcyraeus,,AŽ,urn:cts:croala:crije02.croala292491.croala-lat2w:body.div3.div16.l32.w2,94487.0,,,,,,,,,,,,,,,,,
estlocus2,Ausonios,"Rursus et Ausonios pulsant proscenia colles ,",Ausonius,,AŽ,urn:cts:croala:crije02.croala292491.croala-lat2w:body.div3.div17.l15.w3,95060.0,,,,,,,,,,,,,,,,,
estlocus4,Cynosura,"Quas Cynosura rates , quas Parrhasis Vrsa gubernat ,",Cynosura,,AŽ,urn:cts:croala:crije02.croala292491.croala-lat2w:body.div3.div18.l1.w2,95613.0,,,,,,,,,,,,,,,,,
estlocus1,Canopus,"Sunt quorum extremus uela Canopus agit ,",Canopus,,AŽ,urn:cts:croala:crije02.croala292491.croala-lat2w:body.div3.div18.l2.w5,95665.0,,,,,,,,,,,,,,,,,
estlocus4,Helice,"Tu mihi tu , Princeps , Helice , Cynosura , Canopus ,",helice,,AŽ,urn:cts:croala:crije02.croala292491.croala-lat2w:body.div3.div18.l7.w5,95841.0,,,,,,,,,,,,,,,,,
estlocus4,Cynosura,"Tu mihi tu , Princeps , Helice , Cynosura , Canopus ,",Cynosura,,AŽ,urn:cts:croala:crije02.croala292491.croala-lat2w:body.div3.div18.l7.w6,95849.0,,,,,,,,,,,,,,,,,
estlocus4,Canopus,"Tu mihi tu , Princeps , Helice , Cynosura , Canopus ,",Canopus,,AŽ,urn:cts:croala:crije02.croala292491.croala-lat2w:body.div3.div18.l7.w7,95857.0,,,,,,,,,,,,,,,,,
estlocus1,Caucasus,"Parce tamen , parce , o , si te non Caucasus horrens",Caucasus,,AŽ,urn:cts:croala:crije02.croala292491.croala-lat2w:body.div3.div2.l17.w8,76889.0,,,,,,,,,,,,,,,,,
estlocus2,Centauri,"Nec fera Centauri aut Lestrigonis educat aula ,",Centaurus,,AŽ,urn:cts:croala:crije02.croala292491.croala-lat2w:body.div3.div2.l19.w3,76941.0,,,,,,,,,,,,,,,,,
estlocus4,Boreas,"Hinc , uelut Aeolio Boreas animosus ab antro ,",boreas,,AŽ,urn:cts:croala:crije02.croala292491.croala-lat2w:body.div3.div2.l31.w4,77336.0,,,,,,,,,,,,,,,,,
estlocus4,Caribdis,"Nec te , Sylla ferox , nec te uitasse , Caribdis ,",Charybdis,,AŽ,urn:cts:croala:crije02.croala292491.croala-lat2w:body.div3.div21.l17.w8,99703.0,,,,,,,,,,,,,,,,,
estlocus4,Caribdis,"Profuit : interius Sylla , Caribdis eras !",Charybdis,,AŽ,urn:cts:croala:crije02.croala292491.croala-lat2w:body.div3.div21.l18.w4,99735.0,,,,,,,,,,,,,,,,,
estlocus2,Cyaneas,Ah ego Cyaneas mallem rupesque Malaeae,Cyaneus,,AŽ,urn:cts:croala:crije02.croala292491.croala-lat2w:body.div3.div21.l23.w3,99886.0,,,,,,,,,,,,,,,,,
estlocus4,Aegeas,Ergo uel Aegeas hyemes et saxa Capharei,Aegaeus,,AŽ,urn:cts:croala:crije02.croala292491.croala-lat2w:body.div3.div21.l3.w3,99223.0,,,,,,,,,,,,,,,,,
estlocus2,Capharei,Ergo uel Aegeas hyemes et saxa Capharei,Caphareus,,AŽ,urn:cts:croala:crije02.croala292491.croala-lat2w:body.div3.div21.l3.w7,99239.0,,,,,,,,,,,,,,,,,
estlocus1,Ceraunia,"Quod neque praeruptis sunt ausa Ceraunia saxis ,",Ceraunia,,AŽ,urn:cts:croala:crije02.croala292491.croala-lat2w:body.div3.div21.l7.w6,99355.0,,,,,,,,,,,,,,,,,
estlocus1,Auentini,Furis Auentini specus et Scyronia rupes,Aventinus,,AŽ,urn:cts:croala:crije02.croala292491.croala-lat2w:body.div3.div21.l75.w2,101576.0,,,,,,,,,,,,,,,,,
estlocus1,Adria,"Quod neque spumosis Adria fecit aquis ,",Adria,,AŽ,urn:cts:croala:crije02.croala292491.croala-lat2w:body.div3.div21.l8.w4,99383.0,,,,,,,,,,,,,,,,,
estlocus4,Hyperborei,Gryphis Hyperborei praepes ad astra uolat .,hyperboreus,,AŽ,urn:cts:croala:crije02.croala292491.croala-lat2w:body.div3.div26.l6.w2,103603.0,,,,,,,,,,,,,,,,,
estlocus1,Indus,Cum niger Indus ebur preciosaque uellera Seres,Indus,,AŽ,urn:cts:croala:crije02.croala292491.croala-lat2w:body.div3.div27.l23.w3,104488.0,,,,,,,,,,,,,,,,,
estlocus1,Erythra,Et dabit huic gemmas diues Erythra suas .,Erythra,,AŽ,urn:cts:croala:crije02.croala292491.croala-lat2w:body.div3.div27.l24.w6,104532.0,,,,,,,,,,,,,,,,,
estlocus1,Germania,"Non tamen ereptis moeret Germania uittis ,",Germania,,AŽ,urn:cts:croala:crije02.croala292491.croala-lat2w:body.div3.div27.l5.w5,103917.0,,,,,,,,,,,,,,,,,
estlocus1,Gallia,"Gallia nec cristis aestuat orba suis ,",Gallia,,AŽ,urn:cts:croala:crije02.croala292491.croala-lat2w:body.div3.div27.l6.w1,103933.0,,,,,,,,,,,,,,,,,
estlocus4,Ausoniae,"I tamen , Ausoniae gentis decus , obuia quamuis",Ausonius,,AŽ,urn:cts:croala:crije02.croala292491.croala-lat2w:body.div3.div3.l15.w3,78521.0,,,,,,,,,,,,,,,,,
estlocus1,Auentinum,"Praestat Auentinum furem et Busyridis aras ,",Aventinus,,AŽ,urn:cts:croala:crije02.croala292491.croala-lat2w:body.div3.div3.l41.w2,79388.0,,,,,,,,,,,,,,,,,
estlocus4,Ismarii,"Ismarii stabulum praestat adire ducis ,",Ismarius,,AŽ,urn:cts:croala:crije02.croala292491.croala-lat2w:body.div3.div3.l42.w1,79416.0,,,,,,,,,,,,,,,,,
estlocus4,Caucaseasque,"Caucaseasque niues et inhospita saxa Promethei ,",Caucaseus,,AŽ,urn:cts:croala:crije02.croala292491.croala-lat2w:body.div3.div3.l45.w1,79508.0,,,,,,,,,,,,,,,,,
estlocus3,Gargani,"Quam iuga Gargani , aut Veseui incendia montis",Garganus,,AŽ,urn:cts:croala:crije02.croala292491.croala-lat2w:body.div3.div3.l47.w3,79576.0,,,,,,,,,,,,,,,,,
estlocus1,Italiam,Captiuam famulis gentibus Italiam .,Italia,,AŽ,urn:cts:croala:crije02.croala292491.croala-lat2w:body.div3.div3.l56.w4,79863.0,,,,,,,,,,,,,,,,,
estlocus2,Illyris,Pendeat ad laudes Illyris ora tuas :,Illyris,,AŽ,urn:cts:croala:crije02.croala292491.croala-lat2w:body.div3.div4.l18.w4,80440.0,,,,,,,,,,,,,,,,,
estlocus2,Illyris,"Agnoscit uultus Illyris ora tuos ,",Illyris,,AŽ,urn:cts:croala:crije02.croala292491.croala-lat2w:body.div3.div8.l2.w3,86109.0,,,,,,,,,,,,,,,,,
estlocus1,Epidaurus,"Si te patritiis Epidaurus honorat alumnis ,",Epidaurus,,AŽ,urn:cts:croala:crije02.croala292491.croala-lat2w:body.div3.div8.l21.w4,86777.0,,,,,,,,,,,,,,,,,
estlocus1,Indus,Quem niger extrema nouerit Indus aqua ?,Indus,,AŽ,urn:cts:croala:crije02.croala292491.croala-lat2w:body.div3.div8.l22.w5,86813.0,,,,,,,,,,,,,,,,,
estlocus4,Babylonius,Lucrinus puer et piscis Babylonius et qui,Babylonius,,AŽ,urn:cts:croala:crije02.croala292491.croala-lat2w:body.div3.div9.l1.w5,87190.0,,,,,,,,,,,,,,,,,
estlocus4,Hypponis,"Hypponis puero terga premenda dedit ,",Hippo,,AŽ,urn:cts:croala:crije02.croala292491.croala-lat2w:body.div3.div9.l2.w1,87206.0,,,,,,,,,,,,,,,,,
estlocus4,Ausonia,"Necnon Ausonia procacitate ,",Ausonius,,AŽ,urn:cts:croala:crije02.croala292491.croala-lat2w:body.div4.div1.l43.w2,109579.0,,,,,,,,,,,,,,,,,
estlocus1,Acheronta,Fictum Acheronta putas ? Furiarum uerbera rides ?,Acheron,,AŽ,urn:cts:croala:crije02.croala292491.croala-lat2w:body.div4.div10.l11.w2,127031.0,,,,,,,,,,,,,,,,,
estlocus1,Danubio,Danubio aut Nilo non uilior Ombla fuisset,Danubius,,AŽ,urn:cts:croala:crije02.croala292491.croala-lat2w:body.div4.div11.l35.w1,130593.0,,,,,,,,,,,,,,,,,
estlocus1,Capreas,"Nec Capreas molles , Baiarum aut stagna requirat",Capreae,,AŽ,urn:cts:croala:crije02.croala292491.croala-lat2w:body.div4.div11.l47.w2,130993.0,,,,,,,,,,,,,,,,,
estlocus2,Baiarum,"Nec Capreas molles , Baiarum aut stagna requirat",Baiae,,AŽ,urn:cts:croala:crije02.croala292491.croala-lat2w:body.div4.div11.l47.w4,131005.0,,,,,,,,,,,,,,,,,
estlocus2,Corcyraeum,"Aut Corcyraeum malit habere nemus ,",Corcyraeus,,AŽ,urn:cts:croala:crije02.croala292491.croala-lat2w:body.div4.div11.l48.w2,131029.0,,,,,,,,,,,,,,,,,
estlocus3,Hesperidumue,Hesperidumue hortos desideret altaque Tempe,Hesperides,,AŽ,urn:cts:croala:crije02.croala292491.croala-lat2w:body.div4.div11.l49.w1,131053.0,,,,,,,,,,,,,,,,,
estlocus4,Caucaseae,"Caucaseae possent quocum rubuisse pruinae ,",Caucaseus,,AŽ,urn:cts:croala:crije02.croala292491.croala-lat2w:body.div4.div11.l55.w1,131240.0,,,,,,,,,,,,,,,,,
estlocus1,Adria,"Nanque reluctetur licet obuius Adria , mollem",Adria,,AŽ,urn:cts:croala:crije02.croala292491.croala-lat2w:body.div4.div11.l7.w5,129714.0,,,,,,,,,,,,,,,,,
estlocus2,Gangetica,Ipsa tuas uires Gangetica terra fatetur,Gangeticus,,AŽ,urn:cts:croala:crije02.croala292491.croala-lat2w:body.div4.div12.l39.w4,132636.0,,,,,,,,,,,,,,,,,
estlocus1,India,Nigraque Bassaricis India uicta choris .,India,,AŽ,urn:cts:croala:crije02.croala292491.croala-lat2w:body.div4.div12.l40.w3,132660.0,,,,,,,,,,,,,,,,,
estlocus3,Gethis,"Bella nec humanis saeua gerenda Gethis ,",Getae,,AŽ,urn:cts:croala:crije02.croala292491.croala-lat2w:body.div4.div12.l54.w6,133072.0,,,,,,,,,,,,,,,,,
estlocus4,Hyblaea,Hyblaea quod arundine,Hyblaeus,,AŽ,urn:cts:croala:crije02.croala292491.croala-lat2w:body.div4.div15.l11.w1,134592.0,,,,,,,,,,,,,,,,,
estlocus4,Hymetii,Fauos mellis Hymetii,Hymettius,,AŽ,urn:cts:croala:crije02.croala292491.croala-lat2w:body.div4.div15.l3.w3,134468.0,,,,,,,,,,,,,,,,,
estlocus2,Erythraeas,Alter Erythraeas pergat mercator ad undas,Erythraeus,,AŽ,urn:cts:croala:crije02.croala292491.croala-lat2w:body.div4.div16.l1.w2,134737.0,,,,,,,,,,,,,,,,,
estlocus3,Aethiopas,Persequar exustos decolor Aethiopas ?,Aethiops,,AŽ,urn:cts:croala:crije02.croala292491.croala-lat2w:body.div4.div16.l22.w4,135408.0,,,,,,,,,,,,,,,,,
estlocus3,Britannos,Alter et extremo scrutetur in orbe Britannos,Britanni,,AŽ,urn:cts:croala:crije02.croala292491.croala-lat2w:body.div4.div16.l3.w7,134813.0,,,,,,,,,,,,,,,,,
estlocus1,Antiliam,Vlteriusque feram nauiget Antiliam .,Antilia,,AŽ,urn:cts:croala:crije02.croala292491.croala-lat2w:body.div4.div16.l4.w4,134833.0,,,,,,,,,,,,,,,,,
estlocus4,Eoas,Non mihi nunc curae est Eoas uisere gentes,Eous,,AŽ,urn:cts:croala:crije02.croala292491.croala-lat2w:body.div4.div16.l5.w6,134865.0,,,,,,,,,,,,,,,,,
estlocus4,Auerna,"Nulla , nec infandae pestis Auerna times ,",Averna,,AŽ,urn:cts:croala:crije02.croala292491.croala-lat2w:body.div4.div19.l34.w5,140185.0,,,,,,,,,,,,,,,,,
estlocus2,Eoi,"Hinc uocat Eoi concha uenusta maris ,",Eous,,AŽ,urn:cts:croala:crije02.croala292491.croala-lat2w:body.div4.div19.l68.w3,141381.0,,,,,,,,,,,,,,,,,
estlocus1,Illyrici,"Rhacusam , Illyrici decus , canisque",Illyricum,,AŽ,urn:cts:croala:crije02.croala292491.croala-lat2w:body.div4.div20.l10.w2,143218.0,,,,,,,,,,,,,,,,,
estlocus2,Cyclopea,Et Cyclopea saxa ductibusque,Cyclopeus,,AŽ,urn:cts:croala:crije02.croala292491.croala-lat2w:body.div4.div20.l12.w2,143266.0,,,,,,,,,,,,,,,,,
estlocus1,Baias,Credas nec ueteres fuisse Baias .,Baiae,,AŽ,urn:cts:croala:crije02.croala292491.croala-lat2w:body.div4.div20.l20.w5,143466.0,,,,,,,,,,,,,,,,,
estlocus4,Barculumque,Infestum mare Barculumque Teucamque,LEMMA,,ANNOTATOR,urn:cts:croala:crije02.croala292491.croala-lat2w:body.div4.div20.l34.w3,143801.0,,,,,,,,,,,,,,,,,
estlocus2,Dardanosque,Incunabula Dardanosque montes,Dardanus,,AŽ,urn:cts:croala:crije02.croala292491.croala-lat2w:body.div4.div20.l41.w2,143957.0,,,,,,,,,,,,,,,,,
estlocus1,Illyriam,"Omnemque Illyriam libens honestas ,",Illyria,,AŽ,urn:cts:croala:crije02.croala292491.croala-lat2w:body.div4.div20.l45.w2,144041.0,,,,,,,,,,,,,,,,,
estlocus1,Illyriae,Vastos Illyriae colonus asper,Illyria,,AŽ,urn:cts:croala:crije02.croala292491.croala-lat2w:body.div4.div22.l23.w2,145168.0,,,,,,,,,,,,,,,,,
estlocus4,Indico,"Indico Genium meumque fraudo ,",LEMMA,,ANNOTATOR,urn:cts:croala:crije02.croala292491.croala-lat2w:body.div4.div22.l36.w1,145484.0,,,,,,,,,,,,,,,,,
estlocus4,Caribdis,"Importunus hydrops , uorax Caribdis .",Charybdis,,AŽ,urn:cts:croala:crije02.croala292491.croala-lat2w:body.div4.div22.l64.w4,146179.0,,,,,,,,,,,,,,,,,
estlocus4,Coccyti,"Coccyti soboles , soror Megerae ,",Cocytus,,AŽ,urn:cts:croala:crije02.croala292491.croala-lat2w:body.div4.div23.l13.w1,146562.0,,,,,,,,,,,,,,,,,
estlocus1,Indus,"Amphrysum prope nascitur , quod Indus",Indus,,AŽ,urn:cts:croala:crije02.croala292491.croala-lat2w:body.div4.div23.l41.w5,147305.0,,,,,,,,,,,,,,,,,
estlocus1,Cyrenis,"Ergo quod Lybicis uiret Cyrenis ,",Cyrenae,,AŽ,urn:cts:croala:crije02.croala292491.croala-lat2w:body.div4.div23.l47.w5,147460.0,,,,,,,,,,,,,,,,,
estlocus1,Athlas,"Athlas caelifer , experire et offam",Atlas,,AŽ,urn:cts:croala:crije02.croala292491.croala-lat2w:body.div4.div23.l49.w1,147496.0,,,,,,,,,,,,,,,,,
estlocus4,Idalius,Taela quot Idalius prompsit acerba puer .,Idalius,,AŽ,urn:cts:croala:crije02.croala292491.croala-lat2w:body.div4.div3.l20.w3,112033.0,,,,,,,,,,,,,,,,,
estlocus2,Chaonii,Chaonii nemoris praecinat augur auis .,Chaonius,,AŽ,urn:cts:croala:crije02.croala292491.croala-lat2w:body.div4.div3.l52.w1,113123.0,,,,,,,,,,,,,,,,,
estlocus4,Ituraeas,Nec tot Ituraeas armare uenena sagittas,Ituraeus,,AŽ,urn:cts:croala:crije02.croala292491.croala-lat2w:body.div4.div3.l57.w3,113315.0,,,,,,,,,,,,,,,,,
estlocus1,Asiae,"Aut Asiae molles uincere diuitiae ,",Asia,,AŽ,urn:cts:croala:crije02.croala292491.croala-lat2w:body.div4.div3.l74.w2,113858.0,,,,,,,,,,,,,,,,,
estlocus4,Assyrii,"Vrror ut Assyrii templis urruntur odores ,",Assyrius,,AŽ,urn:cts:croala:crije02.croala292491.croala-lat2w:body.div4.div4.l63.w3,116868.0,,,,,,,,,,,,,,,,,
estlocus4,Caucaseas,"Non ego Caucaseas uerear calcare pruinas ,",Caucaseus,,AŽ,urn:cts:croala:crije02.croala292491.croala-lat2w:body.div4.div4.l83.w3,117579.0,,,,,,,,,,,,,,,,,
estlocus2,Ionii,"Et maris Ionii saeuiat ira minax ,",Ionius,,AŽ,urn:cts:croala:crije02.croala292491.croala-lat2w:body.div4.div4.l92.w3,117879.0,,,,,,,,,,,,,,,,,
estlocus4,Hyrcanas,Fecit et Hyrcanas succubuisse feras .,Hyrcanus,,AŽ,urn:cts:croala:crije02.croala292491.croala-lat2w:body.div4.div5.l54.w3,120039.0,,,,,,,,,,,,,,,,,
estlocus1,Erythra,"Mutarim , aut opibus , diues Erythra , tuis .",Erythra,,AŽ,urn:cts:croala:crije02.croala292491.croala-lat2w:body.div4.div6.l16.w5,120968.0,,,,,,,,,,,,,,,,,
estlocus2,Delphica,Delphica quam laudes templa mouere meas .,Delphicus,,AŽ,urn:cts:croala:crije02.croala292491.croala-lat2w:body.div4.div6.l60.w1,122454.0,,,,,,,,,,,,,,,,,
estlocus2,Cytheriacis,"Trita Cytheriacis concha refulget aquis ,",Cytheriacus,,AŽ,urn:cts:croala:crije02.croala292491.croala-lat2w:body.div4.div7.l10.w2,122853.0,,,,,,,,,,,,,,,,,
estlocus4,Colchiacis,"Nec tibi Colchiacis facies iuuenescet ahenis ,",Colchiacus,,AŽ,urn:cts:croala:crije02.croala292491.croala-lat2w:body.div4.div8.l25.w3,124509.0,,,,,,,,,,,,,,,,,
estlocus2,Flamminiae,Flamminiae et nostri documentum ostendet amoris,Flamminia,,AŽ,urn:cts:croala:crije02.croala292491.croala-lat2w:body.div5.div1.l151.w1,155232.0,,,,,,,,,,,,,,,,,
estlocus3,Aethiopum,"Aethiopum conuiua Iouis , seu lumine fesso",Aethiops,,AŽ,urn:cts:croala:crije02.croala292491.croala-lat2w:body.div5.div1.l47.w1,151848.0,,,,,,,,,,,,,,,,,
estlocus1,Ausoniae,Scilicet Ausoniae laudantem numina laurus,Ausonia,,AŽ,urn:cts:croala:crije02.croala292491.croala-lat2w:body.div5.div1.l73.w2,152675.0,,,,,,,,,,,,,,,,,
estlocus2,Caledoniosque,"Componit Gallosque Caledoniosque Britannos ,",Caledonius,,AŽ,urn:cts:croala:crije02.croala292491.croala-lat2w:body.div5.div2.l111.w3,159173.0,,,,,,,,,,,,,,,,,
estlocus1,Istri,"Arctoasque manus , ripasque binominis Istri",Ister,,AŽ,urn:cts:croala:crije02.croala292491.croala-lat2w:body.div5.div2.l114.w5,159265.0,,,,,,,,,,,,,,,,,
estlocus4,Italisque,Munit ouans Italisque auertit ab arcibus hostem .,Italus,,AŽ,urn:cts:croala:crije02.croala292491.croala-lat2w:body.div5.div2.l115.w3,159281.0,,,,,,,,,,,,,,,,,
estlocus1,Canopum,Infidamque Pharum detestatamque Canopum,Canopus,,AŽ,urn:cts:croala:crije02.croala292491.croala-lat2w:body.div5.div2.l121.w4,159497.0,,,,,,,,,,,,,,,,,
estlocus3,Aethiopum,"2 , 44 - 45 Assimulant . . . resoluunt in margine : Humanas si quando dapes terrasque reuisunt / Aethiopum mediaque pares epulantur harena",Aethiops,,AŽ,urn:cts:croala:crije02.croala292491.croala-lat2w:body.div5.div2.l45.note.w12,156957.0,,,,,,,,,,,,,,,,,
estlocus2,Itala,Nec tantum uestris ditionibus Itala iurant,Italus,,AŽ,urn:cts:croala:crije02.croala292491.croala-lat2w:body.div5.div2.l56.w5,157345.0,,,,,,,,,,,,,,,,,
estlocus1,Alpes,"Nec modo trans Alpes Pirenaeumque cucurrit ,",Alpes,,AŽ,urn:cts:croala:crije02.croala292491.croala-lat2w:body.div5.div2.l59.w4,157433.0,,,,,,,,,,,,,,,,,
estlocus3,Herculeas,Sed longe Herculeas audet transcendere metas,Herculeus,,AŽ,urn:cts:croala:crije02.croala292491.croala-lat2w:body.div5.div2.l60.w3,157461.0,,,,,,,,,,,,,,,,,
estlocus1,Arctonque,"Vester honos , ultra Boreanque Arctonque rigentem",Arctos,,AŽ,urn:cts:croala:crije02.croala292491.croala-lat2w:body.div5.div2.l61.w5,157501.0,,,,,,,,,,,,,,,,,
estlocus4,Hiberne,Hiberne,LEMMA,,ANNOTATOR,urn:cts:croala:crije02.croala292491.croala-lat2w:body.div5.div2.l63.corr.w,157573.0,,,,,,,,,,,,,,,,,
estlocus1,Britannia,Orchades atque alio porrecta Britannia mundo,Britannia,,AŽ,urn:cts:croala:crije02.croala292491.croala-lat2w:body.div5.div2.l65.w5,157630.0,,,,,,,,,,,,,,,,,
estlocus1,Antiliaeque,"Antiliaeque , fero genus intractabile ritu ,",Antilia,,AŽ,urn:cts:croala:crije02.croala292491.croala-lat2w:body.div5.div2.l66.w1,157642.0,,,,,,,,,,,,,,,,,
estlocus4,Hibera,"Classis Hibera domat latisque Hispania terris ,",Hiberus,,AŽ,urn:cts:croala:crije02.croala292491.croala-lat2w:body.div5.div2.l71.w2,157790.0,,,,,,,,,,,,,,,,,
estlocus1,Hispania,"Classis Hibera domat latisque Hispania terris ,",Hispania,,AŽ,urn:cts:croala:crije02.croala292491.croala-lat2w:body.div5.div2.l71.w5,157802.0,,,,,,,,,,,,,,,,,
estlocus1,Ister,"Moenia pellitae gentes , quas Rhenus et Ister",Ister,,AŽ,urn:cts:croala:crije02.croala292491.croala-lat2w:body.div5.div2.l96.w7,158636.0,,,,,,,,,,,,,,,,,
estlocus1,Hispania,"Hinc mulis aduecta suis Hispania , uerbis",Hispania,,AŽ,urn:cts:croala:crije02.croala292491.croala-lat2w:body.div5.div2.l99.w5,158724.0,,,,,,,,,,,,,,,,,
estlocus4,Antipodasque,Signifer Antipodasque ima statione coaegit,antipodes,,AŽ,urn:cts:croala:crije02.croala292491.croala-lat2w:body.div5.div4.l100.w2,166676.0,,,,,,,,,,,,,,,,,
estlocus4,Babylonia,"Stellarum subitas Babylonia cura catheruas ,",Babylonius,,AŽ,urn:cts:croala:crije02.croala292491.croala-lat2w:body.div5.div4.l104.w3,166784.0,,,,,,,,,,,,,,,,,
estlocus1,Athlas,Opstupuitque humero grauiori caelifer Athlas .,Atlas,,AŽ,urn:cts:croala:crije02.croala292491.croala-lat2w:body.div5.div4.l106.w5,166848.0,,,,,,,,,,,,,,,,,
estlocus4,Herimanthaeus,Teque Herimanthaeus torua cum matre Bootes,Erymantheus,,AŽ,urn:cts:croala:crije02.croala292491.croala-lat2w:body.div5.div4.l119.w2,167247.0,,,,,,,,,,,,,,,,,
estlocus4,Bootes,Teque Herimanthaeus torua cum matre Bootes,Bootes,,AŽ,urn:cts:croala:crije02.croala292491.croala-lat2w:body.div5.div4.l119.w6,167263.0,,,,,,,,,,,,,,,,,
estlocus4,Dictaeae,Pulcraque Dictaeae stupuerunt astra puellae .,Dictaeus,,AŽ,urn:cts:croala:crije02.croala292491.croala-lat2w:body.div5.div4.l120.w2,167275.0,,,,,,,,,,,,,,,,,
estlocus1,Delphos,Nec uero tripodas nec oportuit hiscere Delphos,Delphi,,AŽ,urn:cts:croala:crije02.croala292491.croala-lat2w:body.div5.div4.l135.w7,167812.0,,,,,,,,,,,,,,,,,
estlocus1,Hetruria,"Corniger , aut uano mendax Hetruria ritu ,",Etruria,,AŽ,urn:cts:croala:crije02.croala292491.croala-lat2w:body.div5.div4.l138.w5,167900.0,,,,,,,,,,,,,,,,,
estlocus4,Caldaeique,"Caldaeique senes , praesaga quid astra loquantur",Chaldaeus,,AŽ,urn:cts:croala:crije02.croala292491.croala-lat2w:body.div5.div4.l139.w1,167916.0,,,,,,,,,,,,,,,,,
estlocus4,Cynosura,"Ecce uiros , seu quos caeli Cynosura sub imo",Cynosura,,AŽ,urn:cts:croala:crije02.croala292491.croala-lat2w:body.div5.div4.l18.w6,164100.0,,,,,,,,,,,,,,,,,
estlocus4,Helice,"Siue Lychaoniis Helice demisit ab astris ,",helice,,AŽ,urn:cts:croala:crije02.croala292491.croala-lat2w:body.div5.div4.l20.w3,164156.0,,,,,,,,,,,,,,,,,
estlocus4,Graieue,"Vrsina de gente uides , Graieue puellae",Graius,,AŽ,urn:cts:croala:crije02.croala292491.croala-lat2w:body.div5.div4.l21.w5,164200.0,,,,,,,,,,,,,,,,,
estlocus1,Gangem,"Qualis apud Gangem , famulis et ouantior Indis ,",Ganges,,AŽ,urn:cts:croala:crije02.croala292491.croala-lat2w:body.div5.div4.l234.w3,171040.0,,,,,,,,,,,,,,,,,
estlocus4,Indis,"Qualis apud Gangem , famulis et ouantior Indis ,",Indus,,AŽ,urn:cts:croala:crije02.croala292491.croala-lat2w:body.div5.div4.l234.w7,171060.0,,,,,,,,,,,,,,,,,
estlocus2,Cadmaea,"Laetior , aula nouos geminat Cadmaea triumphos .",Cadmeus,,AŽ,urn:cts:croala:crije02.croala292491.croala-lat2w:body.div5.div4.l241.w5,171271.0,,,,,,,,,,,,,,,,,
estlocus4,Baleari,"Verbere nunc glandes Baleari , grandinis instar .",Balearis,,AŽ,urn:cts:croala:crije02.croala292491.croala-lat2w:body.div5.div4.l292.w4,172961.0,,,,,,,,,,,,,,,,,
estlocus1,Eurota,Eurota mirante suos in gymnade prima,Eurotas,,AŽ,urn:cts:croala:crije02.croala292491.croala-lat2w:body.div5.div4.l298.w1,173145.0,,,,,,,,,,,,,,,,,
estlocus4,Calabrique,"Pontificis Calabrique ducis socia arma sequutum ,",Calaber,,AŽ,urn:cts:croala:crije02.croala292491.croala-lat2w:body.div5.div4.l357.w2,175094.0,,,,,,,,,,,,,,,,,
estlocus1,Florentia,"Et coniuratas tremeret Florentia uires ,",Florentia,,AŽ,urn:cts:croala:crije02.croala292491.croala-lat2w:body.div5.div4.l363.w4,175286.0,,,,,,,,,,,,,,,,,
estlocus4,Hetrusca,"Res Hetrusca suo : sociis Estensius armis ,",Etruscus,,AŽ,urn:cts:croala:crije02.croala292491.croala-lat2w:body.div5.div4.l409.w2,176776.0,,,,,,,,,,,,,,,,,
estlocus1,Ferraria,"Quem Phaethontaeo Ferraria misit ab amne ,",Ferraria,,AŽ,urn:cts:croala:crije02.croala292491.croala-lat2w:body.div5.div4.l410.w3,176816.0,,,,,,,,,,,,,,,,,
estlocus2,Adriaci,"Vrbs Venetum , Adriaci dominatrix maxima ponti ,",Adriacus,,AŽ,urn:cts:croala:crije02.croala292491.croala-lat2w:body.div5.div4.l413.w3,176920.0,,,,,,,,,,,,,,,,,
estlocus1,Hetruria,"Esse tuis praesto cessauit , Hetruria , rebus .",Etruria,,AŽ,urn:cts:croala:crije02.croala292491.croala-lat2w:body.div5.div4.l414.w5,176964.0,,,,,,,,,,,,,,,,,
estlocus1,Arni,"Vos testes , fluuii hostiles innabilis Arni ,",Arnus,,AŽ,urn:cts:croala:crije02.croala292491.croala-lat2w:body.div5.div4.l443.w6,177959.0,,,,,,,,,,,,,,,,,
estlocus3,Alpes,"Non Alpes te mille iugis arcere ruentem ,",Alpes,,AŽ,urn:cts:croala:crije02.croala292491.croala-lat2w:body.div5.div4.l446.w2,178051.0,,,,,,,,,,,,,,,,,
estlocus1,Gallia,"Aut prohibere uelis ne tantum Gallia peccet ,",Gallia,,AŽ,urn:cts:croala:crije02.croala292491.croala-lat2w:body.div5.div5.l14.w6,179640.0,,,,,,,,,,,,,,,,,
estlocus1,Hesperiae,Iuncta sed Hesperiae corpus conspiret in unum,Hesperia,,AŽ,urn:cts:croala:crije02.croala292491.croala-lat2w:body.div5.div5.l15.w3,179664.0,,,,,,,,,,,,,,,,,
estlocus4,Hebraea,Quid quod et unguentum in tumulo atque Hebraea bibebat,Hebraeus,,AŽ,urn:cts:croala:crije02.croala292491.croala-lat2w:body.div6.div2.l35.w8,188400.0,,,,,,,,,,,,,,,,,
estlocus4,Boreae,Et Rhodope et Boreae Martia regna trucis .,boreas,,AŽ,urn:cts:croala:crije02.croala292491.croala-lat2w:body.div6.div2.l62.w4,189267.0,,,,,,,,,,,,,,,,,
estlocus2,Capitolino,"Nunc Capitolino rursus humata iugo ,",Capitolinus,,AŽ,urn:cts:croala:crije02.croala292491.croala-lat2w:body.div6.div2.l78.w2,189815.0,,,,,,,,,,,,,,,,,
estlocus4,Assyrio,Nuda nec Assyrio mersa liquore iacet .,Assyrius,,AŽ,urn:cts:croala:crije02.croala292491.croala-lat2w:body.div6.div2.l84.w3,190044.0,,,,,,,,,,,,,,,,,
estlocus4,Amphionia,Quos Amphionia saxa habuere lyra .,Amphionius,,AŽ,urn:cts:croala:crije02.croala292491.croala-lat2w:body.div6.div21.l4.w2,210941.0,,,,,,,,,,,,,,,,,
estlocus1,Cytheron,"Qui tamen ut rupes Rodopeia , siue Cytheron",Cithaeron,,AŽ,urn:cts:croala:crije02.croala292491.croala-lat2w:body.div6.div21.l5.w7,210993.0,,,,,,,,,,,,,,,,,
estlocus1,Illurici,"Et nocet Illurici pupula bina trucis ,",Illyricum,,AŽ,urn:cts:croala:crije02.croala292491.croala-lat2w:body.div6.div23.l54.w3,213111.0,,,,,,,,,,,,,,,,,
estlocus2,Heliconia,"Sed tamen excludunt sanos Heliconia Tempe ,",Heliconius,,AŽ,urn:cts:croala:crije02.croala292491.croala-lat2w:body.div6.div23.l65.w5,213466.0,,,,,,,,,,,,,,,,,
estlocus1,Hispania,"Quam tibi dat consors Hispania , sed decus astris",Hispania,,AŽ,urn:cts:croala:crije02.croala292491.croala-lat2w:body.div6.div29.l25.w5,216364.0,,,,,,,,,,,,,,,,,
estlocus2,Ioniumque,Tyrrenum ditant Ioniumque mare ;,Ionius,,AŽ,urn:cts:croala:crije02.croala292491.croala-lat2w:body.div6.div29.l4.w3,215681.0,,,,,,,,,,,,,,,,,
estlocus4,Delphica,Ramosum cingant Delphica serta caput ;,Delphicus,,AŽ,urn:cts:croala:crije02.croala292491.croala-lat2w:body.div6.div3.l112.w3,193872.0,,,,,,,,,,,,,,,,,
estlocus4,Hyblaea,"Sic Hyblaea suos properat claementia flores ,",Hyblaeus,,AŽ,urn:cts:croala:crije02.croala292491.croala-lat2w:body.div6.div3.l139.w2,194731.0,,,,,,,,,,,,,,,,,
estlocus1,Araxes,"Nec tantam imperii molem eluctatus Araxes ,",Araxes,,AŽ,urn:cts:croala:crije02.croala292491.croala-lat2w:body.div6.div3.l169.w6,195681.0,,,,,,,,,,,,,,,,,
estlocus3,Britannos,Quod Tanaim Nilumque interiacet atque Britannos,Britanni,,AŽ,urn:cts:croala:crije02.croala292491.croala-lat2w:body.div6.div3.l171.w6,195741.0,,,,,,,,,,,,,,,,,
estlocus1,Gangem,"Et Gangem , Eoum littus ad usque patet ,",Ganges,,AŽ,urn:cts:croala:crije02.croala292491.croala-lat2w:body.div6.div3.l172.w2,195753.0,,,,,,,,,,,,,,,,,
estlocus2,Eoum,"Et Gangem , Eoum littus ad usque patet ,",Eous,,AŽ,urn:cts:croala:crije02.croala292491.croala-lat2w:body.div6.div3.l172.w3,195761.0,,,,,,,,,,,,,,,,,
estlocus1,Caucasus,"Hoc sibi deuictum est ; nec uallo Caucasus horrens ,",Caucasus,,AŽ,urn:cts:croala:crije02.croala292491.croala-lat2w:body.div6.div3.l173.w7,195817.0,,,,,,,,,,,,,,,,,
estlocus1,Indum,Subiecitque suis opulentum fascibus Indum,Indus,,AŽ,urn:cts:croala:crije02.croala292491.croala-lat2w:body.div6.div3.l175.w5,195889.0,,,,,,,,,,,,,,,,,
estlocus2,Firmana,"Quod nisi Panthagatum tellus Firmana necasset ,",Firmanus,,AŽ,urn:cts:croala:crije02.croala292491.croala-lat2w:body.div6.div3.l261.w5,198760.0,,,,,,,,,,,,,,,,,
estlocus4,Achademiae,Atque Achademiae saucia turba gemit .,academia,,AŽ,urn:cts:croala:crije02.croala292491.croala-lat2w:body.div6.div3.l272.w2,199075.0,,,,,,,,,,,,,,,,,
estlocus2,Itala,"Fleuit Lesbiacos Itala terra sonos ,",Italus,,AŽ,urn:cts:croala:crije02.croala292491.croala-lat2w:body.div6.div3.l282.w3,199403.0,,,,,,,,,,,,,,,,,
estlocus2,Dircaeis,Nec sic Dircaeis extincto Amphione Thebis,Dircaeus,,AŽ,urn:cts:croala:crije02.croala292491.croala-lat2w:body.div6.div3.l283.w3,199431.0,,,,,,,,,,,,,,,,,
estlocus4,Achademia,"Nunc tibi quae placidas Achademia cessit habenas ,",academia,,AŽ,urn:cts:croala:crije02.croala292491.croala-lat2w:body.div6.div3.l7.w5,190357.0,,,,,,,,,,,,,,,,,
estlocus1,Auerni,"Visceribusque canes diras , passurus Auerni",Avernus,,AŽ,urn:cts:croala:crije02.croala292491.croala-lat2w:body.div6.div30.l45.w5,217988.0,,,,,,,,,,,,,,,,,
estlocus4,Daxa,Hinc olitor Deus est . Sic Daxa pusilla laborat,LEMMA,,ANNOTATOR,urn:cts:croala:crije02.croala292491.croala-lat2w:body.div6.div31.l5.w6,218346.0,,,,,,,,,,,,,,,,,
estlocus2,Illyricum,"Sorgius , Illyricum littus ad usque ualens .",Illyricus,,AŽ,urn:cts:croala:crije02.croala292491.croala-lat2w:body.div6.div31.l8.w2,218426.0,,,,,,,,,,,,,,,,,
estlocus3,Dalmatas,"Omnes Dalmatas , et propinqua Teucae",Dalmatae,,AŽ,urn:cts:croala:crije02.croala292491.croala-lat2w:body.div6.div38.l20.w2,223435.0,,,,,,,,,,,,,,,,,
estlocus4,Barculique,Incunabula Barculique littus,LEMMA,,ANNOTATOR,urn:cts:croala:crije02.croala292491.croala-lat2w:body.div6.div38.l21.w2,223463.0,,,,,,,,,,,,,,,,,
estlocus1,Adriae,"Non brumam aut rabiem Adriae aestuantis ,",Adria,,AŽ,urn:cts:croala:crije02.croala292491.croala-lat2w:body.div6.div38.l28.w5,223627.0,,,,,,,,,,,,,,,,,
estlocus3,Iliae,Caelum hausisse uel Iliae uidetur,Ilia,,AŽ,urn:cts:croala:crije02.croala292491.croala-lat2w:body.div6.div38.l43.w4,224050.0,,,,,,,,,,,,,,,,,
estlocus1,Illyricum,Hospes ad Illyricum nullus ab Vrbe uenit ?,Illyricum,,AŽ,urn:cts:croala:crije02.croala292491.croala-lat2w:body.div6.div4.l12.w3,200635.0,,,,,,,,,,,,,,,,,
estlocus2,Appia,"Appia , Flamminia est siue terenda uia .",Appius,,AŽ,urn:cts:croala:crije02.croala292491.croala-lat2w:body.div6.div5.l12.w1,202228.0,,,,,,,,,,,,,,,,,
estlocus2,Flamminia,"Appia , Flamminia est siue terenda uia .",Flaminius,,AŽ,urn:cts:croala:crije02.croala292491.croala-lat2w:body.div6.div5.l12.w2,202236.0,,,,,,,,,,,,,,,,,
estlocus2,Bari,"Seu Bari , Anconis moenia siue petet .",Barium,,AŽ,urn:cts:croala:crije02.croala292491.croala-lat2w:body.div6.div5.l14.w2,202300.0,,,,,,,,,,,,,,,,,
estlocus2,Anconis,"Seu Bari , Anconis moenia siue petet .",Ancon,,AŽ,urn:cts:croala:crije02.croala292491.croala-lat2w:body.div6.div5.l14.w3,202308.0,,,,,,,,,,,,,,,,,
estlocus4,Cymmeriis,Si nunc Cymmeriis agam tenebris,Cimmerius,,AŽ,urn:cts:croala:crije02.croala292491.croala-lat2w:body.div6.div6.l1.w3,203624.0,,,,,,,,,,,,,,,,,
estlocus2,Cretaeis,"Cretaeis Epimenides sub antris ,",Cretaeus,,AŽ,urn:cts:croala:crije02.croala292491.croala-lat2w:body.div6.div6.l13.w1,203932.0,,,,,,,,,,,,,,,,,
estlocus4,Achademiae,"Sic Achademiae princeps censorque uocaris ,",academia,,AŽ,urn:cts:croala:crije02.croala292491.croala-lat2w:body.div6.div8.l41.w2,206820.0,,,,,,,,,,,,,,,,,
estlocus3,Francorum,15 . Epitaphium Ludouici regis Francorum,Franci,,AŽ,urn:cts:croala:crije02.croala292491.croala-lat2w:body.div7.div15.head.w5,232410.0,,,,,,,,,,,,,,,,,
estlocus1,Alpes,"Arma inter dux , miles eram Ludouicus : Alpes",Alpes,,AŽ,urn:cts:croala:crije02.croala292491.croala-lat2w:body.div7.div15.l1.w7,232450.0,,,,,,,,,,,,,,,,,
estlocus2,Cymmeria,Cymmeria somnum carpere ualle uetent .,Cimmerius,,AŽ,urn:cts:croala:crije02.croala292491.croala-lat2w:body.div7.div16.l10.w1,232903.0,,,,,,,,,,,,,,,,,
estlocus2,Cymmeria,"Quae tibi , Cymmeria quamuis in ualle cubares ,",Cimmerius,,AŽ,urn:cts:croala:crije02.croala292491.croala-lat2w:body.div7.div16.l9.w3,232872.0,,,,,,,,,,,,,,,,,
estlocus4,Boreae,Et Rhesi et Boreae perfida regna trucis !,boreas,,AŽ,urn:cts:croala:crije02.croala292491.croala-lat2w:body.div7.div20.l104.w4,237207.0,,,,,,,,,,,,,,,,,
estlocus1,Arctos,"Arctos et Occasus corpus conspiret in unum ,",Arctos,,AŽ,urn:cts:croala:crije02.croala292491.croala-lat2w:body.div7.div20.l119.w1,237650.0,,,,,,,,,,,,,,,,,
estlocus1,Asia,"Nec modo pensabunt Asia atque Europa labores ,",Asia,,AŽ,urn:cts:croala:crije02.croala292491.croala-lat2w:body.div7.div20.l131.w4,238071.0,,,,,,,,,,,,,,,,,
estlocus1,Europa,"Nec modo pensabunt Asia atque Europa labores ,",Europa,,AŽ,urn:cts:croala:crije02.croala292491.croala-lat2w:body.div7.div20.l131.w6,238079.0,,,,,,,,,,,,,,,,,
estlocus4,Athlas,"Continuum cuius torquet anhelus Athlas ,",Atlas,,AŽ,urn:cts:croala:crije02.croala292491.croala-lat2w:body.div7.div20.l28.w5,234653.0,,,,,,,,,,,,,,,,,
estlocus1,Florentia,"Paret et alterius dicto Florentia , nutu",Florentia,,AŽ,urn:cts:croala:crije02.croala292491.croala-lat2w:body.div7.div20.l43.w5,235189.0,,,,,,,,,,,,,,,,,
estlocus3,Ditis,Perque potestates binas sacraria Ditis,Dis,,AŽ,urn:cts:croala:crije02.croala292491.croala-lat2w:body.div7.div20.l67.w5,235980.0,,,,,,,,,,,,,,,,,
estlocus1,Florentia,"Hinc tua principibus saluis Florentia salua est ,",Florentia,,AŽ,urn:cts:croala:crije02.croala292491.croala-lat2w:body.div7.div20.l9.w5,234002.0,,,,,,,,,,,,,,,,,
estlocus1,Europae,"Europae atque Asiae multum concordibus armis ,",Europa,,AŽ,urn:cts:croala:crije02.croala292491.croala-lat2w:body.div7.div20.l99.w1,237007.0,,,,,,,,,,,,,,,,,
estlocus1,Asiae,"Europae atque Asiae multum concordibus armis ,",Asia,,AŽ,urn:cts:croala:crije02.croala292491.croala-lat2w:body.div7.div20.l99.w3,237015.0,,,,,,,,,,,,,,,,,
estlocus2,Chaonis,Chaonis antiquo silua superba Ioue ;,Chaonis,,AŽ,urn:cts:croala:crije02.croala292491.croala-lat2w:body.div7.div26.l2.w1,242461.0,,,,,,,,,,,,,,,,,
estlocus3,Ditis,"Non , Oriens , ultra bacchabere ; regia Ditis",Dis,,AŽ,urn:cts:croala:crije02.croala292491.croala-lat2w:body.div7.div26.l35.w6,243536.0,,,,,,,,,,,,,,,,,
estlocus1,Caucasus,Caucasus et caeli pondere pressus Athlas .,Caucasus,,AŽ,urn:cts:croala:crije02.croala292491.croala-lat2w:body.div7.div26.l40.w1,243668.0,,,,,,,,,,,,,,,,,
estlocus1,Athlas,Caucasus et caeli pondere pressus Athlas .,Atlas,,AŽ,urn:cts:croala:crije02.croala292491.croala-lat2w:body.div7.div26.l40.w6,243688.0,,,,,,,,,,,,,,,,,
estlocus1,Arctos,"Nanque Arctos Boreasque tonant , tonat Hesper et omnis",Arctos,,AŽ,urn:cts:croala:crije02.croala292491.croala-lat2w:body.div7.div26.l41.w2,243704.0,,,,,,,,,,,,,,,,,
estlocus4,Caledonio,Pulsa Caledonio terra fragore sonat ;,Caledonius,,AŽ,urn:cts:croala:crije02.croala292491.croala-lat2w:body.div7.div26.l42.w2,243744.0,,,,,,,,,,,,,,,,,
estlocus2,Alpinis,Hinc uolat Alpinis cuspis hyulca iugis .,Alpinus,,AŽ,urn:cts:croala:crije02.croala292491.croala-lat2w:body.div7.div26.l44.w3,243808.0,,,,,,,,,,,,,,,,,
estlocus1,Florentia,"Teque recaeptura est reducem Florentia , quo te",Florentia,,AŽ,urn:cts:croala:crije02.croala292491.croala-lat2w:body.div7.div27.l11.w5,245306.0,,,,,,,,,,,,,,,,,
estlocus2,Ausonis,Vectura est humeris Ausonis ora suis .,Ausonis,,AŽ,urn:cts:croala:crije02.croala292491.croala-lat2w:body.div7.div27.l12.w4,245338.0,,,,,,,,,,,,,,,,,
estlocus4,Aoniam,"Pulcher , ad Aoniam Calliopea lyram ,",Aonius,,AŽ,urn:cts:croala:crije02.croala292491.croala-lat2w:body.div7.div29.l2.w3,245789.0,,,,,,,,,,,,,,,,,
estlocus4,Carybdis,"Miser , ah , miser , Carybdis",Charybdis,,AŽ,urn:cts:croala:crije02.croala292491.croala-lat2w:body.div7.div31.l29.w4,247180.0,,,,,,,,,,,,,,,,,
estlocus4,Acheloa,Acheloa monstra quali,Achelous,,AŽ,urn:cts:croala:crije02.croala292491.croala-lat2w:body.div7.div31.l7.w1,246776.0,,,,,,,,,,,,,,,,,
estlocus3,Galli,"Iulius hic situs est , Galli Venetique fatentur",Galli,,AŽ,urn:cts:croala:crije02.croala292491.croala-lat2w:body.div7.div33.l1.w5,247795.0,,,,,,,,,,,,,,,,,
estlocus4,Herebo,Tu portenta relegas Herebo tot furialia,Herebus,,AŽ,urn:cts:croala:crije02.croala292491.croala-lat2w:body.div7.div4.l5.w4,226733.0,,,,,,,,,,,,,,,,,
estlocus3,Britannis,"Quae uectantur ab ultimis Britannis ,",Britanni,,AŽ,urn:cts:croala:crije02.croala292491.croala-lat2w:body.div7.div5.l14.w5,227451.0,,,,,,,,,,,,,,,,,
estlocus2,Bizantia,"Quas Bizantia missitat Propontis , 5 , 15 Quas . . . Propontis : versus additus in margine",Byzantius,,AŽ,urn:cts:croala:crije02.croala292491.croala-lat2w:body.div7.div5.l15.w2,227467.0,,,,,,,,,,,,,,,,,
estlocus1,Europa,"Europa atque Asia , Affricumque littus",Europa,,AŽ,urn:cts:croala:crije02.croala292491.croala-lat2w:body.div7.div5.l17.w1,227572.0,,,,,,,,,,,,,,,,,
estlocus1,Asia,"Europa atque Asia , Affricumque littus",Asia,,AŽ,urn:cts:croala:crije02.croala292491.croala-lat2w:body.div7.div5.l17.w3,227580.0,,,,,,,,,,,,,,,,,
estlocus2,Affricumque,"Europa atque Asia , Affricumque littus",Affricus,,AŽ,urn:cts:croala:crije02.croala292491.croala-lat2w:body.div7.div5.l17.w4,227588.0,,,,,,,,,,,,,,,,,
estlocus3,Heliconis,Non Heliconis aquas desiderat aut Aganyppes,Helicon,,AŽ,urn:cts:croala:crije02.croala292491.croala-lat2w:body.div7.div53.l3.w2,253574.0,,,,,,,,,,,,,,,,,
estlocus1,Geennae,Notus in caelo angelus et Geennae,Gehenna,,AŽ,urn:cts:croala:crije02.croala292491.croala-lat2w:body.div7.div8.l17.w6,228481.0,,,,,,,,,,,,,,,,,
