estLocus,Nomen,Textus,LEMMA,LOCI NOMEN,LOCI CITE URN,ANNOTATOR INITIALS,CTS URN,SEQUENCE,NČ OP.,,,,,,,,,,,,,,,,
estlocus4,Idea,"Nigrior Idea nunc es pice, corue, sed idem",Idaeus,Ida M.,38500.0,NJ,urn:cts:croala:marul01.croala754085.croala-lat2w:group.text1.body.div13.l1.w2,1058394.0,"zadržan perseus:latlexent, poslan issue na githubu",,,,,,,,,,,,,,,,
estlocus4,Sithonia,Sithonia fueras albior ipse niue.,Sithonius,Sithone,38501.0,NČ,urn:cts:croala:marul01.croala754085.croala-lat2w:group.text1.body.div13.l2.w1,1058431.0,,,,,,,,,,,,,,,,,
estlocus4,Cylenia,"Hic lapis est index, sed si Cylenia furta",Cyllenius,Kyllene M.,38502.0,NČ,urn:cts:croala:marul01.croala754085.croala-lat2w:group.text1.body.div17.l1.w7,1058693.0,,,,,,,,,,,,,,,,,
estlocus2,Thebeę,Nobile Thebeę surgat ut urbis opus.,Thebaeus,Thebai/Thebae ,38503.0,NČ,urn:cts:croala:marul01.croala754085.croala-lat2w:group.text1.body.div19.l2.w2,1058838.0,,,,,,,,,,,,,,,,,
estlocus1,Cęphiso,Arsit amans Echo Cęphiso flumine natum:,Cephisus,Cephisus fl.,38504.0,NČ,urn:cts:croala:marul01.croala754085.croala-lat2w:group.text1.body.div24.l1.w4,1059178.0,,,,,,,,,,,,,,,,,
estlocus4,Idei,Daphnidis Idei saxea fata docent.,Idaeus,Ida M.,38500.0,NČ,urn:cts:croala:marul01.croala754085.croala-lat2w:group.text1.body.div30.l2.w2,1059656.0,,,,,,,,,,,,,,,,,
estlocus4,Salmacis,Salmacis et Hermaphroditus,Salmacis,fons in Caria iuxta Halicarnassum,38598.0,NČ,urn:cts:croala:marul01.croala754085.croala-lat2w:group.text1.body.div31.head.w1,1059683.0,,,,,,,,,,,,,,,,,
estlocus4,Salmacis,"Dum fuit ignotus tibi, Salmacis, Hermaphroditus,",Salmacis,fons in Caria apud Halicarnassum,38598.0,NČ,urn:cts:croala:marul01.croala754085.croala-lat2w:group.text1.body.div31.l1.w5,1059717.0,,,,,,,,,,,,,,,,,
estlocus4,Thebanę,"Mineides, Thebanę sorores",Thebanus,Thebai/Thebae ,38503.0,NČ,urn:cts:croala:marul01.croala754085.croala-lat2w:group.text1.body.div32.head.w2,1059772.0,,,,,,,,,,,,,,,,,
estlocus1,Olympum,Athlas Iapetides stellarum torquet Olympum,Olympus,sky (celestial dome),38505.0,NČ,urn:cts:croala:marul01.croala754085.croala-lat2w:group.text1.body.div39.l1.w5,1060362.0,,,,,,,,,,,,,,,,,
estlocus4,Peneia,Hęc laurus quondam uirgo Peneia Daphne,Peneius,Alphe(i)os (river),38506.0,NČ,urn:cts:croala:marul01.croala754085.croala-lat2w:group.text1.body.div4.l1.w5,1057635.0,,,,,,,,,,,,,,,,,
estlocus1,Olympo,Signifero forsan nunquam premeretur Olympo,Olympus,sky (celestial dome),38505.0,NČ,urn:cts:croala:marul01.croala754085.croala-lat2w:group.text1.body.div40.l1.w5,1060427.0,,,,,,,,,,,,,,,,,
estlocus4,Castalidas,"Castalidas uiolare meas fuge, si sapis; his qui",Castalis,Castalian spring,38507.0,NČ,urn:cts:croala:marul01.croala754085.croala-lat2w:group.text1.body.div46.l1.w1,1060834.0,,,,,,,,,,,,,,,,,
estlocus4,Chirona,"In scopulos Chirona tibi fuge, nauita, uersum:",Chiron,Skeironiakai Petrai,38508.0,NČ,urn:cts:croala:marul01.croala754085.croala-lat2w:group.text1.body.div48.l1.w3,1060978.0,,,,,,,,,,,,,,,,,
estlocus4,Sithonia,Hęc patriam pretio Sithonia uendidit Arne:,Sithonius,Sithone,38501.0,NČ,urn:cts:croala:marul01.croala754085.croala-lat2w:group.text1.body.div49.l1.w4,1061070.0,,,,,,,,,,,,,,,,,
estlocus4,Attica,"Fata secat, Minos Attica regna capit.",Atticus,Attica,38509.0,NČ,urn:cts:croala:marul01.croala754085.croala-lat2w:group.text1.body.div54.l2.w4,1061488.0,,,,,,,,,,,,,,,,,
estlocus1,Labyrinthus,"Perplexum Labyrinthus iter, uarius Minotaurus.",Labyrinthus,Labyrinth,38510.0,NČ,urn:cts:croala:marul01.croala754085.croala-lat2w:group.text1.body.div56.l1.w2,1061600.0,,,,,,,,,,,,,,,,,
estlocus2,Icarię,Improbus Icarię nomina fecit aquę.,Icarius,Ikarion Mare,38511.0,NČ,urn:cts:croala:marul01.croala754085.croala-lat2w:group.text1.body.div58.l2.w2,1061779.0,,,,,,,,,,,,,,,,,
estlocus4,Cinthia,"Cinthia, Proethidem quid curuo confodis arcu?",Cynthia,Kynthos M. ,38512.0,NČ,urn:cts:croala:marul01.croala754085.croala-lat2w:group.text1.body.div61.l1.w1,1062004.0,,,,,,,,,,,,,,,,,
estlocus1,Herebi,Dux Herebi Pluton superas peruenit ad auras,Herebus,Erebus,38513.0,NČ,urn:cts:croala:marul01.croala754085.croala-lat2w:group.text1.body.div62.l1.w2,1062088.0,,,,,,,,,,,,,,,,,
estlocus1,Pade,"Phoetontis miseri fueramus, Pade, sorores.",Padus,Padus/Eridanus (river),38514.0,NČ,urn:cts:croala:marul01.croala754085.croala-lat2w:group.text1.body.div9.l1.w4,1058068.0,,,,,,,,,,,,,,,,,
estlocus1,Pade,"Nunc populi ripę, maxime Pade, tuę.",Padus,Padus/Eridanus (river),38514.0,NČ,urn:cts:croala:marul01.croala754085.croala-lat2w:group.text1.body.div9.l2.w5,1058104.0,,,,,,,,,,,,,,,,,
estlocus3,Parthenope,"»Ducta est Parthenope si tibi, uiue Senis!«",Parthenope,Parthenope/Neapolis,38515.0,NČ,urn:cts:croala:marul01.croala754085.croala-lat2w:group.text11.body.div.sp4.l2.w3,1124579.0,,,,,,,,,,,,,,,,,
estlocus1,Senis,"»Ducta est Parthenope si tibi, uiue Senis!«",Senae,Saena,3151.0,NČ,urn:cts:croala:marul01.croala754085.croala-lat2w:group.text11.body.div.sp4.l2.w7,1124599.0,preuzela od NJ,,,,,,,,,,,,,,,,
estlocus2,Valle,[1.] Franciscus Natalis Marco Marulo in Valle Surda commoranti,vallis,Nečujam,38516.0,NČ,urn:cts:croala:marul01.croala754085.croala-lat2w:group.text12.body.div1.head.w7,1124670.0,,,,,,,,,,,,,,,,,
estlocus2,Surda,[1.] Franciscus Natalis Marco Marulo in Valle Surda commoranti,surdus,Nečujam,38516.0,NČ,urn:cts:croala:marul01.croala754085.croala-lat2w:group.text12.body.div1.head.w8,1124675.0,,,,,,,,,,,,,,,,,
estlocus2,Spalatensi,Nam modo qui fueras Spalatensi solus in urbe,Spalatensis,Spalatum,38517.0,NČ,urn:cts:croala:marul01.croala754085.croala-lat2w:group.text12.body.div1.l33.w5,1125734.0,,,,,,,,,,,,,,,,,
estlocus4,Turchicus,"Egredere e muris, nihil est nisi Turchicus horror,",Turchicus,Ottoman Empire,38518.0,NČ,urn:cts:croala:marul01.croala754085.croala-lat2w:group.text12.body.div1.l41.w7,1126002.0,,,,,,,,,,,,,,,,,
estlocus4,Pieriis,"Pręmia, Pieriis digna referre modis.",Pierius,Pierian Mountains,38519.0,NČ,urn:cts:croala:marul01.croala754085.croala-lat2w:group.text12.body.div1.l6.w2,1124833.0,,,,,,,,,,,,,,,,,
estlocus2,Ęonidum,Ęonidum poteras sollicitare nemus.,Aonis,Aonia,38520.0,NČ,urn:cts:croala:marul01.croala754085.croala-lat2w:group.text12.body.div2.l34.w1,1128173.0,,,,,,,,,,,,,,,,,
estlocus4,Occeano,"Occeano fluctus, frondes cur frondibus addo,",Oceanus,ocean,38521.0,NČ,urn:cts:croala:marul01.croala754085.croala-lat2w:group.text12.body.div2.l37.w1,1128258.0,,,,,,,,,,,,,,,,,
estlocus1,Creta,"Taurum, Creta, tuum tellus Argiua recępit",Creta,Creta (island),38522.0,NČ,urn:cts:croala:marul01.croala754085.croala-lat2w:group.text2.body.div2.l11.w2,1062909.0,,,,,,,,,,,,,,,,,
estlocus2,Argiua,"Taurum, Creta, tuum tellus Argiua recępit",Argivus,Ancient Greece,38525.0,NČ,urn:cts:croala:marul01.croala754085.croala-lat2w:group.text2.body.div2.l11.w5,1062925.0,,,,,,,,,,,,,,,,,
estlocus0,Amazonidum,"Agmina Amazonidum peltis fugere relictis,",Amazonis,DELETE,DELETE,NČ,urn:cts:croala:marul01.croala754085.croala-lat2w:group.text2.body.div2.l17.w2,1063086.0,,,,,,,,,,,,,,,,,
estlocus4,Hesperidum,Mactato Hesperidum carpuntur poma dracone,Hesperides,Hesperidum Horti,38524.0,NČ,urn:cts:croala:marul01.croala754085.croala-lat2w:group.text2.body.div2.l19.w2,1063136.0,,,,,,,,,,,,,,,,,
estlocus1,Achelous,Victus Achelous propriis caput intulit undis,Achelous,Achelous (river),38525.0,NČ,urn:cts:croala:marul01.croala754085.croala-lat2w:group.text2.body.div2.l31.w2,1063435.0,,,,,,,,,,,,,,,,,
estlocus1,Oechalię,Oechalię regno fidens Euritus – ab illo,Oechalia,Oechalia,38526.0,NČ,urn:cts:croala:marul01.croala754085.croala-lat2w:group.text2.body.div2.l35.w1,1063544.0,,,,,,,,,,,,,,,,,
estlocus2,Nemeę,"Illo autore perit Nemeę leo bellua siluę,",Nemeaeus,Nemea,38527.0,NČ,urn:cts:croala:marul01.croala754085.croala-lat2w:group.text2.body.div2.l5.w4,1062736.0,,,,,,,,,,,,,,,,,
estlocus4,Erimanthei,Ipsa Erimanthei feritas elanguit apri,Erymantheus,Erymanthos M.,38528.0,NČ,urn:cts:croala:marul01.croala754085.croala-lat2w:group.text2.body.div2.l7.w2,1062795.0,,,,,,,,,,,,,,,,,
estlocus4,Stymphalidas,"Stymphalidas domat arcus aues tinnitus et ęris,",Stymphalis,Stymphalos,38529.0,NČ,urn:cts:croala:marul01.croala754085.croala-lat2w:group.text2.body.div2.l9.w1,1062839.0,,,,,,,,,,,,,,,,,
estlocus2,Tragurinę,Supra portam urbis Tragurinę,Tragurinus,Tragurium,38530.0,NČ,urn:cts:croala:marul01.croala754085.croala-lat2w:group.text2.body.div5.head.w4,1064192.0,,,,,,,,,,,,,,,,,
estlocus0,Domni,"Hęc sunt templa tibi, Domni, data: Iuppiter absit —",Domnius,DELETE,DELETE,NČ,urn:cts:croala:marul01.croala754085.croala-lat2w:group.text2.body.div8.l1.w5,1064551.0,Ovo estlocus0?,,,,,,,,,,,,,,,,
estlocus4,Ariminensium,Ad Ioannem Asclepianum poetam de eius Ariminea in qua Robertum Ariminensium ducem Latium Achillem appellant,Ariminensis,Ariminum,38531.0,NČ,urn:cts:croala:marul01.croala754085.croala-lat2w:group.text3.body.div1.head.w11,1064773.0,,,,,,,,,,,,,,,,,
estlocus4,Latium,Ad Ioannem Asclepianum poetam de eius Ariminea in qua Robertum Ariminensium ducem Latium Achillem appellat,Latius,Latium,42340.0,NČ,urn:cts:croala:marul01.croala754085.croala-lat2w:group.text3.body.div1.head.w13,1064782.0,preuzela od NJ,,,,,,,,,,,,,,,,
estlocus4,Ariminea,Ad Ioannem Asclepianum poetam de eius Ariminea in qua Robertum Ariminensium ducem Latium Achillem appellat,Ariminea,Ariminum,38531.0,NČ,urn:cts:croala:marul01.croala754085.croala-lat2w:group.text3.body.div1.head.w7,1064756.0,,,,,,,,,,,,,,,,,
estlocus4,Latiumque,Pyerios cantus Latiumque sonantia plectra,Latius,Latium,42340.0,NČ,urn:cts:croala:marul01.croala754085.croala-lat2w:group.text3.body.div1.l1.w3,1064805.0,preuzela od NJ,,,,,,,,,,,,,,,,
estlocus4,Phlegreę,"Sic, puto, Phlegreę referens certamina pugnę",Phlegraeus,Pallene/Phlegra,38532.0,NČ,urn:cts:croala:marul01.croala754085.croala-lat2w:group.text3.body.div1.l5.w3,1064916.0,,,,,,,,,,,,,,,,,
estlocus4,Cinthius,Increpuit resonam Cinthius ipse lyram,Cynthius,Kynthos M.,38512.0,NČ,urn:cts:croala:marul01.croala754085.croala-lat2w:group.text3.body.div1.l6.w3,1064943.0,,,,,,,,,,,,,,,,,
estlocus1,Thebe,Thebe Amphioniam laudet ametque lyram;,Thebe,Thebai/Thebae,38503.0,NČ,urn:cts:croala:marul01.croala754085.croala-lat2w:group.text3.body.div12.l2.w1,1068648.0,,,,,,,,,,,,,,,,,
estlocus0,Amphioniam,Thebe Amphioniam laudet ametque lyram;,Amphionius,DELETE,DELETE,NČ,urn:cts:croala:marul01.croala754085.croala-lat2w:group.text3.body.div12.l2.w2,1068653.0,,,,,,,,,,,,,,,,,
estlocus1,Metimna,Hoc Metimna super sydera cuncta ferat.,Methymna,Methymna,38533.0,NČ,urn:cts:croala:marul01.croala754085.croala-lat2w:group.text3.body.div12.l4.w2,1068712.0,,,,,,,,,,,,,,,,,
estlocus2,Spalatinę,Gloria non leuior Spalatinę contigit urbi:,Spalatinus,Spalatum,38517.0,NČ,urn:cts:croala:marul01.croala754085.croala-lat2w:group.text3.body.div12.l5.w4,1068750.0,,,,,,,,,,,,,,,,,
estlocus1,Cyrrhę,Sed licet aut sacrę faueant mihi numina Cyrrhę,Cyrrha,Cyrrhus/Hagioupolis,38534.0,NČ,urn:cts:croala:marul01.croala754085.croala-lat2w:group.text3.body.div15.l11.w8,1069838.0,ovo nije Hagiupol,,,,,,,,,,,,,,,,
estlocus1,Nysę,"Siue colit Nysę qui iuga celsa deus,",Nysa,Nysa,38535.0,NČ,urn:cts:croala:marul01.croala754085.croala-lat2w:group.text3.body.div15.l12.w3,1069852.0,,,,,,,,,,,,,,,,,
estlocus4,Aonię,Cingent Aonię lauro tua tempora Musę,Aonius,Aonia,38520.0,NČ,urn:cts:croala:marul01.croala754085.croala-lat2w:group.text3.body.div16.l5.w2,1070070.0,,,,,,,,,,,,,,,,,
estlocus2,Castaliis,Ter quoque Castaliis illa rigauit aquis.,Castalius,Castalian spring,38507.0,NČ,urn:cts:croala:marul01.croala754085.croala-lat2w:group.text3.body.div3.l4.w3,1065404.0,,,,,,,,,,,,,,,,,
estlocus4,Siculo,Ędis iam Siculo carmina digna sene.,Siculus,Sicilia (island),38536.0,NČ,urn:cts:croala:marul01.croala754085.croala-lat2w:group.text3.body.div3.l6.w3,1065470.0,,,,,,,,,,,,,,,,,
estlocus4,Aoniam,Aoniam flabis forsan et ipse tubam,Aonius,Aonia,38520.0,NČ,urn:cts:croala:marul01.croala754085.croala-lat2w:group.text3.body.div3.l8.w1,1065525.0,,,,,,,,,,,,,,,,,
estlocus4,Aonię,"Hieronyme, Aonię quanuis nouus incola siluę,",Aonius,Aonia,38520.0,NČ,urn:cts:croala:marul01.croala754085.croala-lat2w:group.text3.body.div4.l1.w2,1065768.0,,,,,,,,,,,,,,,,,
estlocus2,Icarię,Ne forte Icarię fabula dicar aquę.,Icarius,Ikarion Mare,38511.0,NČ,urn:cts:croala:marul01.croala754085.croala-lat2w:group.text3.body.div4.l10.w3,1066072.0,,,,,,,,,,,,,,,,,
estlocus4,Lycio,Et solues Lycio debita uota deo;,Lycius,Lykia,63467.0,NČ,urn:cts:croala:marul01.croala754085.croala-lat2w:group.text3.body.div5.l4.w3,1066332.0,preuzela od NJ,,,,,,,,,,,,,,,,
estlocus2,Aonii,Aonii superes culmina summa iugi.,Aonius,Aonia,38520.0,NČ,urn:cts:croala:marul01.croala754085.croala-lat2w:group.text3.body.div6.l10.w1,1066971.0,,,,,,,,,,,,,,,,,
estlocus4,Pierioque,Vatibus antiquis Pierioque choro.,Pierius,Pierian Mountains,38519.0,NČ,urn:cts:croala:marul01.croala754085.croala-lat2w:group.text3.body.div6.l8.w3,1066918.0,,,,,,,,,,,,,,,,,
estlocus2,Pierii,"Vsque ad Pierii culmina, Chrance, iugi.",Pierius,Pierian Mountains,38519.0,NČ,urn:cts:croala:marul01.croala754085.croala-lat2w:group.text3.body.div7.l6.w3,1067240.0,,,,,,,,,,,,,,,,,
estlocus4,Pharensem,Ad Caterinum poetam Pharensem,Pharensis,Pharus Ins.,38537.0,NČ,urn:cts:croala:marul01.croala754085.croala-lat2w:group.text3.body.div9.head.w4,1067985.0,,,,,,,,,,,,,,,,,
estlocus4,Pyeridumque,Et tibi dii faueant Pyeridumque cohors!,Pieris,Pierian Mountains,38519.0,NČ,urn:cts:croala:marul01.croala754085.croala-lat2w:group.text3.body.div9.l14.w5,1068385.0,,,,,,,,,,,,,,,,,
estlocus4,Cinthius,Non negat argutam Cinthius ipse lyram.,Cynthius,Kynthos M.,38512.0,NČ,urn:cts:croala:marul01.croala754085.croala-lat2w:group.text3.body.div9.l4.w4,1068091.0,,,,,,,,,,,,,,,,,
estlocus4,Hybleis,Qualia ab Hybleis roscida mella fauis.,Hyblaeus,Hyblaei Colles,38599.0,NČ,urn:cts:croala:marul01.croala754085.croala-lat2w:group.text3.body.div9.l6.w3,1068147.0,,,,,,,,,,,,,,,,,
estlocus1,Pharos,Gaudeat ista quidem tua nobilis insula Pharos,Pharos,Pharus Ins.,38537.0,NČ,urn:cts:croala:marul01.croala754085.croala-lat2w:group.text3.body.div9.l9.w7,1068248.0,,,,,,,,,,,,,,,,,
estlocus1,Pisas,"De uirtute animique pręstantia Dominici Manlipetri, Venetę classis pręfecti, cum Pisas obsedione liberauit iuuitque frumento",Pisae,Pisae,38538.0,NČ,urn:cts:croala:marul01.croala754085.croala-lat2w:group.text4.body.div1.head.w11,1070336.0,,,,,,,,,,,,,,,,,
estlocus4,Venetę,"De uirtute animique pręstantia Dominici Manlipetri, Venetę classis pręfecti, cum Pisas obsedione liberauit iuuitque frumento",Venetus,Venice,4171.0,NČ,urn:cts:croala:marul01.croala754085.croala-lat2w:group.text4.body.div1.head.w7,1070316.0,,,,,,,,,,,,,,,,,
estlocus1,Pisa,"Pisa, Fluentinę quę multo tempore genti",Pisa,Pisae,38538.0,NČ,urn:cts:croala:marul01.croala754085.croala-lat2w:group.text4.body.div1.l1.w1,1070359.0,,,,,,,,,,,,,,,,,
estlocus4,Fluentinę,"Pisa, Fluentinę quę multo tempore genti",Fluentinus,Florentia,38539.0,NČ,urn:cts:croala:marul01.croala754085.croala-lat2w:group.text4.body.div1.l1.w2,1070367.0,,,,,,,,,,,,,,,,,
estlocus1,Pisa,"Huic geminum debes (nec fallor), Pisa, triumphum:",Pisa,Pisae,38538.0,NČ,urn:cts:croala:marul01.croala754085.croala-lat2w:group.text4.body.div1.l17.w6,1070857.0,,,,,,,,,,,,,,,,,
estlocus4,Venetum,Gaude! Nam Venetum tibi parta potentibus armis,Veneti,Venice,4171.0,NČ,urn:cts:croala:marul01.croala754085.croala-lat2w:group.text4.body.div1.l3.w3,1070426.0,,,,,,,,,,,,,,,,,
estlocus4,Indis,"Libertas auro, gemmis quoque charior Indis",Indus,India,38540.0,NČ,urn:cts:croala:marul01.croala754085.croala-lat2w:group.text4.body.div1.l5.w6,1070497.0,,,,,,,,,,,,,,,,,
estlocus4,Venetorum,Ad inclytum uirum Andream Grittum Venetorum principem bene meritum nuperrime creatum,Veneti,Venice,4171.0,NČ,urn:cts:croala:marul01.croala754085.croala-lat2w:group.text4.body.div10.head.w6,1074267.0,,,,,,,,,,,,,,,,,
estlocus4,Venetę,Vt pręsis Venetę prospiciasque rei.,Venetus,Venice,4171.0,NČ,urn:cts:croala:marul01.croala754085.croala-lat2w:group.text4.body.div10.l4.w3,1074388.0,,,,,,,,,,,,,,,,,
estlocus4,Veneti,Nam Veneti imperii summa est in sede locatus,Venetus,Venice,4171.0,NČ,urn:cts:croala:marul01.croala754085.croala-lat2w:group.text4.body.div11.l13.w2,1074963.0,,,,,,,,,,,,,,,,,
estlocus4,Itacensis,Prouidus ingenio dux Itacensis erat.,Ithacensis,Ithaca Ins.,38542.0,NČ,urn:cts:croala:marul01.croala754085.croala-lat2w:group.text4.body.div11.l2.w4,1074657.0,,,,,,,,,,,,,,,,,
estlocus4,Venetorum,Quod omnia prospera sperare liceat Andrea Gritto Venetorum principe,Veneti,Venice,4171.0,NČ,urn:cts:croala:marul01.croala754085.croala-lat2w:group.text4.body.div12.head.w8,1075102.0,,,,,,,,,,,,,,,,,
estlocus3,Venetis,Spirabit faciles Venetis pater Eolus auras,Veneti,Venice,4171.0,NČ,urn:cts:croala:marul01.croala754085.croala-lat2w:group.text4.body.div12.l1.w3,1075121.0,,,,,,,,,,,,,,,,,
estlocus4,Venetum,Et Venetum domitus uiribus orbis erit.,Veneti,Venice,4171.0,NČ,urn:cts:croala:marul01.croala754085.croala-lat2w:group.text4.body.div12.l8.w2,1075301.0,,,,,,,,,,,,,,,,,
estlocus1,Olympi,Annuet his magni magnus regnator Olympi,Olympus,sky (celestial dome),38505.0,NČ,urn:cts:croala:marul01.croala754085.croala-lat2w:group.text4.body.div12.l9.w6,1075347.0,,,,,,,,,,,,,,,,,
estlocus4,Fluentinos,Prima Fluentinos inter habenda uiros.,Fluentinus,Florentia,38539.0,NČ,urn:cts:croala:marul01.croala754085.croala-lat2w:group.text4.body.div13.l4.w2,1075569.0,,,,,,,,,,,,,,,,,
estlocus4,Germane,"Quo, Cęsar Germane, ruis?",Germanus,Holy Roman Empire,38543.0,NČ,urn:cts:croala:marul01.croala754085.croala-lat2w:group.text4.body.div2.sp1.l.w3,1070953.0,,,,,,,,,,,,,,,,,
estlocus4,Latina,Peto regna Latina.,Latinus,Latium,42340.0,NČ,urn:cts:croala:marul01.croala754085.croala-lat2w:group.text4.body.div2.sp2.l.w3,1070992.0,Preuzela od NJ,,,,,,,,,,,,,,,,
estlocus3,Venetos,"Vade, sed in Venetos arma mouere caue.",Veneti,Venice,4171.0,NČ,urn:cts:croala:marul01.croala754085.croala-lat2w:group.text4.body.div2.sp3.l.w4,1071030.0,,,,,,,,,,,,,,,,,
estlocus4,Hiberi,Toracis tegmen Hiberi,Hiberus,Spanish Empire,38544.0,NČ,urn:cts:croala:marul01.croala754085.croala-lat2w:group.text4.body.div2.sp5.l1.w3,1071109.0,,,,,,,,,,,,,,,,,
estlocus4,Galli,Et Galli cristas pignus amoris habent.,Gallus,Kingdom of France,38545.0,NČ,urn:cts:croala:marul01.croala754085.croala-lat2w:group.text4.body.div2.sp5.l2.w2,1071120.0,,,,,,,,,,,,,,,,,
estlocus2,Tiberinę,Ast mecum est pręsul Tiberinę Iulius urbis.,Tiberinus,Tiberis (river),38546.0,NČ,urn:cts:croala:marul01.croala754085.croala-lat2w:group.text4.body.div2.sp6.l.w5,1071175.0,,,,,,,,,,,,,,,,,
estlocus3,Venetis,"Huic fidis, Venetis qui dedit ipse togam?",Veneti,Venice,4171.0,NČ,urn:cts:croala:marul01.croala754085.croala-lat2w:group.text4.body.div2.sp7.l.w3,1071217.0,,,,,,,,,,,,,,,,,
estlocus4,Florentino,De Leone X. Pontifice Maximo Florentino de Medicum familia,Florentinus,Florentia,38539.0,NČ,urn:cts:croala:marul01.croala754085.croala-lat2w:group.text4.body.div3.head.w6,1071423.0,,,,,,,,,,,,,,,,,
estlocus2,Italo,Ergo Italo Mauors quę uulnera contulit orbi,Italus,Italia,4240.0,NČ,urn:cts:croala:marul01.croala754085.croala-lat2w:group.text4.body.div4.l11.w2,1072008.0,Preuzela od NJ,,,,,,,,,,,,,,,,
estlocus2,Latiis,Tale nefas Latiis admisit Iulius oris,Latius,Latium,42340.0,NČ,urn:cts:croala:marul01.croala754085.croala-lat2w:group.text4.body.div4.l5.w3,1071839.0,Preuzela od NJ,,,,,,,,,,,,,,,,
estlocus3,Gallus,Gallus et Hispanus bella cruenta gerunt.,Gallus,Kingdom of France,38545.0,NČ,urn:cts:croala:marul01.croala754085.croala-lat2w:group.text4.body.div7.l2.w1,1073232.0,,,,,,,,,,,,,,,,,
estlocus3,Hispanus,Gallus et Hispanus bella cruenta gerunt.,Hispanus,Spanish Empire,38544.0,NČ,urn:cts:croala:marul01.croala754085.croala-lat2w:group.text4.body.div7.l2.w3,1073241.0,,,,,,,,,,,,,,,,,
estlocus1,Spalati,Domino Ioanni Baptistę de Molino Spalati prętori bene merito,Spalatum,Spalatum,38517.0,NČ,urn:cts:croala:marul01.croala754085.croala-lat2w:group.text4.body.div9.head.w6,1073970.0,,,,,,,,,,,,,,,,,
estlocus4,Aonias,Pamphagus Aonias iussit adesse deas.,Aonius,Aonia,38520.0,NČ,urn:cts:croala:marul01.croala754085.croala-lat2w:group.text5.body.div1.l2.w2,1076498.0,,,,,,,,,,,,,,,,,
estlocus4,Pieris,Sed neque sic pranso Pieris ulla fauet.,Pieris,Pierian Mountains,38519.0,NČ,urn:cts:croala:marul01.croala754085.croala-lat2w:group.text5.body.div1.l6.w5,1076616.0,,,,,,,,,,,,,,,,,
estlocus4,Illyricum,Ad Bartholum Illyricum,Illyricus,Illyricum,36788.0,NČ,urn:cts:croala:marul01.croala754085.croala-lat2w:group.text5.body.div13.head.w3,1078358.0,Preuzela od NJ,,,,,,,,,,,,,,,,
estlocus2,Lybici,Et quot sunt Lybici maris lapilli,Libycus,Libycum Mare,38547.0,NČ,urn:cts:croala:marul01.croala754085.croala-lat2w:group.text5.body.div14.l6.w4,1078671.0,,,,,,,,,,,,,,,,,
estlocus4,Spalatensem,"In Dominum Bartholomeum Aueroldum, episcopum Spalatensem",Spalatensis,Spalatum,38517.0,NČ,urn:cts:croala:marul01.croala754085.croala-lat2w:group.text5.body.div22.head.w6,1079767.0,,,,,,,,,,,,,,,,,
estlocus4,Aquinas,Atque olim Iuuenalis ipse Aquinas,Aquinas,Aquinum,38548.0,NČ,urn:cts:croala:marul01.croala754085.croala-lat2w:group.text5.body.div23.l3.w5,1079905.0,,,,,,,,,,,,,,,,,
estlocus2,Cyrrheo,Cędite Cyrrheo nascentes uertice lauri,Cyrrhaeus,Cyrrhus/Hagiupolis,38534.0,NČ,urn:cts:croala:marul01.croala754085.croala-lat2w:group.text5.body.div24.l1.w2,1080013.0,,,,,,,,,,,,,,,,,
estlocus2,Pyerium,"Pyerium nemus omne meę concede Myricę,",Pierius,Pierian Mountains,38519.0,NČ,urn:cts:croala:marul01.croala754085.croala-lat2w:group.text5.body.div24.l3.w1,1080057.0,,,,,,,,,,,,,,,,,
estlocus2,Castalios,Et prope Castalios iam sedet illa lacus.,Castalius,Castalian spring,38507.0,NČ,urn:cts:croala:marul01.croala754085.croala-lat2w:group.text5.body.div24.l6.w3,1080154.0,,,,,,,,,,,,,,,,,
estlocus4,Aonias,Et capit Aonias tam noua forma deas.,Aonius,Aonia,38520.0,NČ,urn:cts:croala:marul01.croala754085.croala-lat2w:group.text5.body.div24.l8.w3,1080210.0,,,,,,,,,,,,,,,,,
estlocus1,Heliconis,Siue desertis Heliconis undis,Helicon,Helicon M.,38549.0,NČ,urn:cts:croala:marul01.croala754085.croala-lat2w:group.text5.body.div25.l19.w3,1080766.0,,,,,,,,,,,,,,,,,
estlocus1,Heliconis,Quid Phoebum Musasque uocas Heliconis ab antro,Helicon,Helicon M. ,38549.0,NČ,urn:cts:croala:marul01.croala754085.croala-lat2w:group.text5.body.div4.l1.w5,1076912.0,,,,,,,,,,,,,,,,,
estlocus4,Pyerium,Pyerium quotiens scribere sumis opus?,Pierius,Pierian Mountains,38519.0,NČ,urn:cts:croala:marul01.croala754085.croala-lat2w:group.text5.body.div4.l2.w1,1076927.0,,,,,,,,,,,,,,,,,
estlocus1,Tempe,Hęc illis iocunda domus: non Tempe lacusque,Tempe,Tempe,38550.0,NČ,urn:cts:croala:marul01.croala754085.croala-lat2w:group.text5.body.div4.l5.w6,1077038.0,,,,,,,,,,,,,,,,,
estlocus2,Bellorophonteos,Bellorophonteos plus pia turba colit.,Bellorophonteus,Hippocrene,38557.0,NČ,urn:cts:croala:marul01.croala754085.croala-lat2w:group.text5.body.div4.l6.w1,1077049.0,,,,,,,,,,,,,,,,,
estlocus4,Dalmaticum,"Xarcus, Dalmaticum gloria prima ducum.",Dalmaticus,Dalmatia,34329.0,NČ,urn:cts:croala:marul01.croala754085.croala-lat2w:group.text6.body.div15.l4.w2,1085827.0,Preuzela od NJ,,,,,,,,,,,,,,,,
estlocus4,Turcarum,Turcarum rigido fugare Marte.,Turcae,Ottoman Empire,38517.0,NČ,urn:cts:croala:marul01.croala754085.croala-lat2w:group.text6.body.div16.l3.w1,1086028.0,,,,,,,,,,,,,,,,,
estlocus4,Turcarum,"Epitaphium Ottomani, Turcarum imperatoris",Turcae,Ottoman Empire,38517.0,NČ,urn:cts:croala:marul01.croala754085.croala-lat2w:group.text6.body.div18.head.w3,1086336.0,,,,,,,,,,,,,,,,,
estlocus1,Arar,"Cuius sensit Arar, cuius certamina Tygris,",Arar,Arar (river),50609.0,NČ,urn:cts:croala:marul01.croala754085.croala-lat2w:group.text6.body.div18.l1.w3,1086355.0,Preuzela od AS,,,,,,,,,,,,,,,,
estlocus1,Tygris,"Cuius sensit Arar, cuius certamina Tygris,",Tigris,Tigris/Diglitus (river),38552.0,NČ,urn:cts:croala:marul01.croala754085.croala-lat2w:group.text6.body.div18.l1.w6,1086371.0,,,,,,,,,,,,,,,,,
estlocus4,Venetorum,"Epitaphium Leonardi Lauredani, inclyti Venetorum principis",Veneti,Venice,4171.0,NČ,urn:cts:croala:marul01.croala754085.croala-lat2w:group.text6.body.div19.head.w5,1086554.0,,,,,,,,,,,,,,,,,
estlocus4,Spalatensis,Epitaphium Luxę de Bilsa Spalatensis,Spalatensis,Spalatum,38517.0,NČ,urn:cts:croala:marul01.croala754085.croala-lat2w:group.text6.body.div21.head.w5,1086968.0,,,,,,,,,,,,,,,,,
estlocus4,Spalatensis,Epitaphium Hieronymi de Lucaris Spalatensis,Spalatensis,Spalatum,38517.0,NČ,urn:cts:croala:marul01.croala754085.croala-lat2w:group.text6.body.div23.head.w5,1087339.0,,,,,,,,,,,,,,,,,
estlocus4,Graię,"Et Latię et Graię callebat Palladis artes,",Graius,Ancient Greece,38553.0,NČ,urn:cts:croala:marul01.croala754085.croala-lat2w:group.text6.body.div25.l9.w4,1088182.0,,,,,,,,,,,,,,,,,
estlocus2,Phlegetontei,Ad Phlegetontei stagna profunda lacus.,Phlegethonteus,Phlegethon,38554.0,NČ,urn:cts:croala:marul01.croala754085.croala-lat2w:group.text6.body.div4.l2.w2,1083312.0,,,,,,,,,,,,,,,,,
estlocus4,Tyrio,"Possidet hanc Tyrio uelatus Luxus amictu,",Tyrius,Tyrus/Col. Septimia Severa,38555.0,NČ,urn:cts:croala:marul01.croala754085.croala-lat2w:group.text6.body.div4.l3.w3,1083342.0,,,,,,,,,,,,,,,,,
estlocus4,Spalatenses,Ad nobiles Spalatenses,Spalatensis,Spalatum,38517.0,NČ,urn:cts:croala:marul01.croala754085.croala-lat2w:group.text6.body.div5.head.w3,1083813.0,,,,,,,,,,,,,,,,,
estlocus2,Valle,Francisco Natali Marci Maruli in Valle Surda commorantis responsio,vallis,Nečujam,38516.0,NČ,urn:cts:croala:marul01.croala754085.croala-lat2w:group.text7.body.div1.head.w6,1088830.0,,,,,,,,,,,,,,,,,
estlocus2,Surda,Francisco Natali Marci Maruli in Valle Surda commorantis responsio,surdus,Nečujam,38516.0,NČ,urn:cts:croala:marul01.croala754085.croala-lat2w:group.text7.body.div1.head.w7,1088835.0,,,,,,,,,,,,,,,,,
estlocus4,Samnitum,Et qua contentus Samnitum sperneret aurum,Samnites,Samnium,38556.0,NČ,urn:cts:croala:marul01.croala754085.croala-lat2w:group.text7.body.div1.l27.w4,1089601.0,,,,,,,,,,,,,,,,,
estlocus2,Pegasis,Deseruitque meam Pegasis unda sitim.,Pegasis,Hippocrene,38557.0,NČ,urn:cts:croala:marul01.croala754085.croala-lat2w:group.text7.body.div2.l20.w3,1092061.0,,,,,,,,,,,,,,,,,
estlocus4,Getulos,"Illa etiam Getulos uicit feritate leones,",Gaetulus,Getulia,38558.0,NČ,urn:cts:croala:marul01.croala754085.croala-lat2w:group.text7.body.div3.l13.w3,1092716.0,,,,,,,,,,,,,,,,,
estlocus4,Hyrcanas,Vicit et Hyrcanas asperitate tygres.,Hyrcanus,Varkana/Hyrcania/Gurgan,38559.0,NČ,urn:cts:croala:marul01.croala754085.croala-lat2w:group.text7.body.div3.l14.w3,1092746.0,,,,,,,,,,,,,,,,,
estlocus4,Gargaphiam,Gargaphiam uidit qui sine ueste deam!,Gargaphius,Gargaphia,38560.0,NČ,urn:cts:croala:marul01.croala754085.croala-lat2w:group.text7.body.div3.l18.w1,1092872.0,,,,,,,,,,,,,,,,,
estlocus4,Hesperidumque,"Hesperidumque magis, Fusce, dracone uigil.",Hesperides,Hesperidum Horti,38524.0,NČ,urn:cts:croala:marul01.croala754085.croala-lat2w:group.text7.body.div3.l8.w1,1092547.0,,,,,,,,,,,,,,,,,
estlocus1,Pergama,Non uersa in cineres uidisset Pergama si non,Pergama,Ilium/Troia,38561.0,NČ,urn:cts:croala:marul01.croala754085.croala-lat2w:group.text7.body.div5.l21.w6,1094832.0,,,,,,,,,,,,,,,,,
estlocus1,Tartara,Diffindens terras Tartara et ima ciens.,Tartara,Tartarus,38562.0,NČ,urn:cts:croala:marul01.croala754085.croala-lat2w:group.text8.body.div1.sp14.l36.w3,1097264.0,,,,,,,,,,,,,,,,,
estlocus1,Olympi,Stelliferi nobis aditus reserabit Olympi.,Olympus,sky (celestial dome),38505.0,NČ,urn:cts:croala:marul01.croala754085.croala-lat2w:group.text8.body.div2.l117.w5,1101408.0,,,,,,,,,,,,,,,,,
estlocus1,Olympum,Sydereum circum curru uectatus Olympum,Olympus,sky (celestial dome),38505.0,NČ,urn:cts:croala:marul01.croala754085.croala-lat2w:group.text8.body.div2.l29.w5,1098682.0,,,,,,,,,,,,,,,,,
estlocus3,Euros,Et quibus immites tectus lare temneret Euros,Eurus,"Southeast wind, one of eight directions",38600.0,NČ,urn:cts:croala:marul01.croala754085.croala-lat2w:group.text8.body.div2.l40.w7,1099010.0,,,,,,,,,,,,,,,,,
estlocus4,Oceanusque,"Oceanusque parens animantum squamigerarum,",Oceanus,ocean,38521.0,NČ,urn:cts:croala:marul01.croala754085.croala-lat2w:group.text8.body.div2.l46.w1,1099162.0,,,,,,,,,,,,,,,,,
estlocus2 ,Erithręi,"Tum, quem Erithręi felicibus ęquoris undis",Erythraeus ,"Persicus Sinus/Erythr(ae)um Mare 
",38563.0,NČ,urn:cts:croala:marul01.croala754085.croala-lat2w:group.text8.body.div2.l82.w3,1100220.0,,,,,,,,,,,,,,,,,
estlocus1,Indus,"Tum uarii, quos Indus habet, micuere lapilli,",Indus,Indus/Sinthos/Phison (river),38541.0,NČ,urn:cts:croala:marul01.croala754085.croala-lat2w:group.text8.body.div2.l85.w4,1100304.0,,,,,,,,,,,,,,,,,
estlocus4,Spalatensis,In natalitio Sancti Raynerii archiepiscopi Spalatensis pro iure ecclesię tuendo interempti martyrioque coronati hymnus,Spalatensis,Spalatum,38517.0,NČ,urn:cts:croala:marul01.croala754085.croala-lat2w:group.text8.body.div3.head.w6,1101444.0,,,,,,,,,,,,,,,,,
estlocus4,Spalatina,"Gaudeat felix Spalatina plebes,",Spalatinus,Spalatum,38517.0,NČ,urn:cts:croala:marul01.croala754085.croala-lat2w:group.text8.body.div3.l13.w3,1101721.0,,,,,,,,,,,,,,,,,
estlocus1,Orcum,Corruit Orcum.,Orcus,underworld,38564.0,NČ,urn:cts:croala:marul01.croala754085.croala-lat2w:group.text8.body.div3.l24.w2,1101961.0,,,,,,,,,,,,,,,,,
estlocus1,Myrrheę,Atque hinc Myrrheę pręsul uenerabilis urbi,Myrrha,Myra,38565.0,NČ,urn:cts:croala:marul01.croala754085.croala-lat2w:group.text8.body.div4.l5.w3,1102360.0,,,,,,,,,,,,,,,,,
estlocus1,Solymas,Ipse sed eiectus Solymas post terga reliquit,Solymae,Ierusalem/Hierosolyma/Col. Aelia Capitolina ,38566.0,NČ,urn:cts:croala:marul01.croala754085.croala-lat2w:group.text8.body.div5.div1.l11.w4,1102901.0,,,,,,,,,,,,,,,,,
estlocus1,Lyddam,Hinc Lyddam ueniens Aeneam curat hiantem,Lydda,Lydda/Diospolis/Georgioupolis,38567.0,NČ,urn:cts:croala:marul01.croala754085.croala-lat2w:group.text8.body.div5.div1.l19.w2,1103123.0,,,,,,,,,,,,,,,,,
estlocus1,Ioppe,Tabitha mox Ioppe fato collapsa resurgit,Joppe,Ioppe,38568.0,NČ,urn:cts:croala:marul01.croala754085.croala-lat2w:group.text8.body.div5.div1.l21.w3,1103183.0,,,,,,,,,,,,,,,,,
estlocus1,Cęsareę,Post hęc Cęsareę Cornelius incipit illi,Caesarea,Stratonos Pyrgos /Caesarea,38569.0,NČ,urn:cts:croala:marul01.croala754085.croala-lat2w:group.text8.body.div5.div1.l23.w3,1103239.0,,,,,,,,,,,,,,,,,
estlocus4,sanctam,"Inde abiens Petrus sanctam remeauit ad urbem,",sanctus,Ierusalem/Hierosolyma/Col. Aelia Capitolina ,38566.0,NČ,urn:cts:croala:marul01.croala754085.croala-lat2w:group.text8.body.div5.div1.l25.w4,1103291.0,,,,,,,,,,,,,,,,,
estlocus4,urbem,"Inde abiens Petrus sanctam remeauit ad urbem,",urbs,Ierusalem/Hierosolyma/Col. Aelia Capitolina ,38566.0,NČ,urn:cts:croala:marul01.croala754085.croala-lat2w:group.text8.body.div5.div1.l25.w7,1103304.0,,,,,,,,,,,,,,,,,
estlocus1,Romam,Perrexit Romam magiaque dolisque Symonem,Roma,Roma,5214.0,NČ,urn:cts:croala:marul01.croala754085.croala-lat2w:group.text8.body.div5.div1.l29.w2,1103406.0,Preuzela iz Croala,,,,,,,,,,,,,,,,
estlocus1,Romę,Tum demum lustris Romę iam quinque peractis,Roma,Roma,5214.0,NČ,urn:cts:croala:marul01.croala754085.croala-lat2w:group.text8.body.div5.div1.l33.w4,1103538.0,,,,,,,,,,,,,,,,,
estlocus1,Babilonia,Inter quos etiam regem Babilonia cuius ,Babylonia,Babylonia,38570.0,NČ,urn:cts:croala:marul01.croala754085.croala-lat2w:group.text8.body.div5.div10.l11.w5,1111318.0,,,,,,,,,,,,,,,,,
estlocus1,Senarię,"At postquam est urbis Senarię ad moenia uentum,",Senaria,Senair or Suanir,38571.0,NČ,urn:cts:croala:marul01.croala754085.croala-lat2w:group.text8.body.div5.div10.l15.w5,1111435.0,,,,,,,,,,,,,,,,,
estlocus1,Mediam,Thadeus in Mediam Domino mandante recedens,Media,Media,38572.0,NČ,urn:cts:croala:marul01.croala754085.croala-lat2w:group.text8.body.div5.div10.l3.w3,1111073.0,,,,,,,,,,,,,,,,,
estlocus1,Tygris,Tygris et Euphratis quę cohibetur aquis.,Tigris,Tigris/Diglitus (river),38552.0,NČ,urn:cts:croala:marul01.croala754085.croala-lat2w:group.text8.body.div5.div10.l6.w1,1111143.0,,,,,,,,,,,,,,,,,
estlocus1,Euphratis,Tygris et Euphratis quę cohibetur aquis.,Euphrates,Euphrates,38573.0,NČ,urn:cts:croala:marul01.croala754085.croala-lat2w:group.text8.body.div5.div10.l6.w3,1111152.0,,,,,,,,,,,,,,,,,
estlocus1,Ponti,Instruit et populos rapidi qui littora Ponti,Pontus,Pontus Euxinus,35658.0,NČ,urn:cts:croala:marul01.croala754085.croala-lat2w:group.text8.body.div5.div10.l7.w7,1111198.0,,,,,,,,,,,,,,,,,
estlocus1,Asię,"Longa tenent, Asię qui quoque rura colunt.",Asia,Asia,38242.0,NČ,urn:cts:croala:marul01.croala754085.croala-lat2w:group.text8.body.div5.div10.l8.w3,1111216.0,Preuzela od NJ,,,,,,,,,,,,,,,,
estlocus1,Persidis,Persidis hinc terras peragrant cum fratre Symone,Persis,Persia,38575.0,NČ,urn:cts:croala:marul01.croala754085.croala-lat2w:group.text8.body.div5.div10.l9.w1,1111242.0,,,,,,,,,,,,,,,,,
estlocus1,Bethlemi,Iste tribus Iudę Bethlemi natus in urbe,Bethlemum,Bethlehem,45304.0,NČ,urn:cts:croala:marul01.croala754085.croala-lat2w:group.text8.body.div5.div11.l1.w4,1111752.0,Preuzela od AS,,,,,,,,,,,,,,,,
estlocus4,Romano,Sunt quoque qui dicant Romano more securi,Romanus,Roma,5214.0,NČ,urn:cts:croala:marul01.croala754085.croala-lat2w:group.text8.body.div5.div11.l11.w5,1112051.0,Preuzela od NJ,,,,,,,,,,,,,,,,
estlocus1,Romam,"Ossa prius Romam, Treuerim translata deinde:",Roma,Roma,5214.0,NČ,urn:cts:croala:marul01.croala754085.croala-lat2w:group.text8.body.div5.div11.l13.w3,1112096.0,Preuzela od NJ,,,,,,,,,,,,,,,,
estlocus1,Treuerim,"Ossa prius Romam, Treuerim translata deinde:",Treveris,Trier,38601.0,NČ,urn:cts:croala:marul01.croala754085.croala-lat2w:group.text8.body.div5.div11.l13.w4,1112104.0,,,,,,,,,,,,,,,,,
estlocus2,Iudea,Explicat hic Christi Iudea per oppida leges,Judaeus,Judea,38576.0,NČ,urn:cts:croala:marul01.croala754085.croala-lat2w:group.text8.body.div5.div11.l7.w4,1111931.0,,,,,,,,,,,,,,,,,
estlocus1,Cypri,Conuerso demum Paulo proconsule Cypri,Cyprus,Cyprus,38577.0,NČ,urn:cts:croala:marul01.croala754085.croala-lat2w:group.text8.body.div5.div12.l13.w5,1112560.0,,,,,,,,,,,,,,,,,
estlocus1,Iudeę,"Ciuis erat quondam Iudeę Giscalis urbis,",Judaea,Judea,38576.0,NČ,urn:cts:croala:marul01.croala754085.croala-lat2w:group.text8.body.div5.div12.l3.w4,1112260.0,,,,,,,,,,,,,,,,,
estlocus1,Giscalis,"Ciuis erat quondam Iudeę Giscalis urbis,",Giscalis,Gischala,38578.0,NČ,urn:cts:croala:marul01.croala754085.croala-lat2w:group.text8.body.div5.div12.l3.w5,1112265.0,,,,,,,,,,,,,,,,,
estlocus1,Cypri,Post hęc Barnabas Cypri docet et Salaminis,Cyprus,Cyprus,38577.0,NČ,urn:cts:croala:marul01.croala754085.croala-lat2w:group.text8.body.div5.div13.l25.w4,1114275.0,,,,,,,,,,,,,,,,,
estlocus1,Salaminis,Post hęc Barnabas Cypri docet et Salaminis,Salamis,Salamis (island),38579.0,NČ,urn:cts:croala:marul01.croala754085.croala-lat2w:group.text8.body.div5.div13.l25.w7,1114288.0,,,,,,,,,,,,,,,,,
estlocus1,Salaminę,Hunc Salaminę gens tandem impia Iudeorum,Salamina,Salamis (island),38579.0,NČ,urn:cts:croala:marul01.croala754085.croala-lat2w:group.text8.body.div5.div13.l29.w2,1114382.0,,,,,,,,,,,,,,,,,
estlocus1,Tharso,Hic collega datus Paulo fuit urbeque Tharso,Tarsus,Tarsus/Antiochia ad Cydnum,38580.0,NČ,urn:cts:croala:marul01.croala754085.croala-lat2w:group.text8.body.div5.div13.l3.w7,1113649.0,,,,,,,,,,,,,,,,,
estlocus4,Antiochus,"Adueniunt ipsam Antiochus quam condidit urbem,",Antiochus,Antiochia/Theoupolis,38581.0,NČ,urn:cts:croala:marul01.croala754085.croala-lat2w:group.text8.body.div5.div13.l5.w3,1113693.0,,,,,,,,,,,,,,,,,
estlocus1,Lystris,"Cumque forent Lystris, ingentibus omnia factis",Lystra,Lystra/Col. Iulia Felix Gemina,38582.0,NČ,urn:cts:croala:marul01.croala754085.croala-lat2w:group.text8.body.div5.div13.l9.w3,1113819.0,,,,,,,,,,,,,,,,,
estlocus1,Patrarum,Iste necem tandem Patrarum passus in urbe,Patrae,Patra(e),38583.0,NČ,urn:cts:croala:marul01.croala754085.croala-lat2w:group.text8.body.div5.div2.l25.w4,1104546.0,,,,,,,,,,,,,,,,,
estlocus1,Achaię,Achaię populos docuit; mox ponere iussit,Achaia,Achaea,38584.0,NČ,urn:cts:croala:marul01.croala754085.croala-lat2w:group.text8.body.div5.div2.l3.w1,1103930.0,,,,,,,,,,,,,,,,,
estlocus2,Scythica,Audax in Scythica docuit regione Philippus,Scythicus,Scythia,38403.0,NČ,urn:cts:croala:marul01.croala754085.croala-lat2w:group.text8.body.div5.div3.l1.w3,1104650.0,Preuzela od NJ,,,,,,,,,,,,,,,,
estlocus2,Asiacis,Finibus Asiacis se positurus abit,Asiacus,Asia,38242.0,NČ,urn:cts:croala:marul01.croala754085.croala-lat2w:group.text8.body.div5.div3.l20.w2,1105184.0,Preuzela od NJ,,,,,,,,,,,,,,,,
estlocus1,Hieropoli,Hieropoli Phrygię post hęc comprensus in urbe,Hieropolis,Hierapolis,38585.0,NČ,urn:cts:croala:marul01.croala754085.croala-lat2w:group.text8.body.div5.div3.l23.w1,1105261.0,,,,,,,,,,,,,,,,,
estlocus1,Phrygię,Hieropoli Phrygię post hęc comprensus in urbe,Phrygia,Phrygia,50693.0,NČ,urn:cts:croala:marul01.croala754085.croala-lat2w:group.text8.body.div5.div3.l23.w2,1105266.0,Preuzela od AS,,,,,,,,,,,,,,,,
estlocus4,Martis,Ducitur ad Martis templa prophana dei.,Mars,Templa Martis in Scythia,38602.0,NČ,urn:cts:croala:marul01.croala754085.croala-lat2w:group.text8.body.div5.div3.l4.w3,1104733.0,,,,,,,,,,,,,,,,,
estlocus1,Armenię,Impiger Armenię protinus arua petit.,Armenia,Armenia,38586.0,NČ,urn:cts:croala:marul01.croala754085.croala-lat2w:group.text8.body.div5.div4.l20.w2,1105991.0,,,,,,,,,,,,,,,,,
estlocus1,Albanum,Albanum ueniens patitur tormenta tyranni,Albanum,Albanopolis,38587.0,NČ,urn:cts:croala:marul01.croala754085.croala-lat2w:group.text8.body.div5.div4.l21.w1,1106013.0,,,,,,,,,,,,,,,,,
estlocus1,Lycaonię,Rura Lycaonię celeri percurrere gressu,Lycaonia,Lycaonia,38588.0,NČ,urn:cts:croala:marul01.croala754085.croala-lat2w:group.text8.body.div5.div4.l5.w2,1105603.0,,,,,,,,,,,,,,,,,
estlocus1,Hispania,Post hęc occisi rapuit Hispania corpus:,Hispania,Hispania,38589.0,NČ,urn:cts:croala:marul01.croala754085.croala-lat2w:group.text8.body.div5.div5.l19.w5,1106755.0,/Cf. AS s.v./*,,,,,,,,,,,,,,,,
estlocus3,Hispanos,"Transit ad Hispanos atque his monstrauit Iesum,",Hispani,Hispania,38589.0,NČ,urn:cts:croala:marul01.croala754085.croala-lat2w:group.text8.body.div5.div5.l5.w3,1106350.0,,,,,,,,,,,,,,,,,
estlocus1,Ephesum,"Inde Ephesum rediens Drusianam suscitat, ipsum",Ephesus,Ephesus/Arsinoe(ia),38590.0,NČ,urn:cts:croala:marul01.croala754085.croala-lat2w:group.text8.body.div5.div6.l11.w2,1107143.0,,,,,,,,,,,,,,,,,
estlocus4,Dianę,"Post hęc orando subuertit templa Dianę,",Diana,Temple of Artemis,38591.0,NČ,urn:cts:croala:marul01.croala754085.croala-lat2w:group.text8.body.div5.div6.l31.w6,1107729.0,,,,,,,,,,,,,,,,,
estlocus1,Asię,Vnus cuncta Asię sacra sacella regens.,Asia,Asia,38242.0,NČ,urn:cts:croala:marul01.croala754085.croala-lat2w:group.text8.body.div5.div6.l40.w3,1107960.0,Preuzela od NJ,,,,,,,,,,,,,,,,
estlocus1,Epheso,Ex Epheso Romam tractus feruente nequiuit,Ephesus,Ephesus/Arsinoe(ia),38590.0,NČ,urn:cts:croala:marul01.croala754085.croala-lat2w:group.text8.body.div5.div6.l7.w2,1107022.0,,,,,,,,,,,,,,,,,
estlocus1,Romam,Ex Epheso Romam tractus feruente nequiuit,Roma,Roma,5214.0,NČ,urn:cts:croala:marul01.croala754085.croala-lat2w:group.text8.body.div5.div6.l7.w3,1107027.0,Preuzela od NJ,,,,,,,,,,,,,,,,
estlocus1,Pathmo,"Exulat in Pathmo, cecinit tunc multa futura",Patmos,Patmos (island),38592.0,NČ,urn:cts:croala:marul01.croala754085.croala-lat2w:group.text8.body.div5.div6.l9.w3,1107092.0,,,,,,,,,,,,,,,,,
estlocus1,Edessa,"Vrbs Edessa quidem corpus ueneratur et ossa,",Edessa,Edessa/Antiochia ad Callirhoem,38593.0,NČ,urn:cts:croala:marul01.croala754085.croala-lat2w:group.text8.body.div5.div7.l31.w2,1108995.0,,,,,,,,,,,,,,,,,
estlocus3,Indos,"Sed, magis extremos postquam transiuit ad Indos,",Indi,India,38540.0,NČ,urn:cts:croala:marul01.croala754085.croala-lat2w:group.text8.body.div5.div7.l7.w7,1108281.0,,,,,,,,,,,,,,,,,
estlocus1,Persidis,Illinc exactos Persidis ora tulit.,Persis,Persia,38575.0,NČ,urn:cts:croala:marul01.croala754085.croala-lat2w:group.text8.body.div5.div8.l12.w3,1109399.0,,,,,,,,,,,,,,,,,
estlocus1,Iudea,Hic in Iudea doctrinę semina sanctę,Judaea,Judea,38576.0,NČ,urn:cts:croala:marul01.croala754085.croala-lat2w:group.text8.body.div5.div8.l3.w3,1109155.0,,,,,,,,,,,,,,,,,
estlocus2,Macedum,In Macedum campos sparsit et Ęthiopum.,Macedae,Macedonia,36771.0,NČ,urn:cts:croala:marul01.croala754085.croala-lat2w:group.text8.body.div5.div8.l4.w2,1109178.0,Preuzela od NJ,,,,,,,,,,,,,,,,
estlocus1,Nadabar,Metropolis Nadabar circumdata moenibus altis,Nadabar,Naddabar or Naddaver,38594.0,NČ,urn:cts:croala:marul01.croala754085.croala-lat2w:group.text8.body.div5.div8.l5.w2,1109209.0,Nepoznato mjesto navodne mučeničke smrti sv. Mateja (Etiopija u Maloj Aziji),,,,,,,,,,,,,,,,
estlocus1,Delmatię,Delmatię lętis olim generatus in oris,Delmatia,Dalmatia,34329.0,NČ,urn:cts:croala:marul01.croala754085.croala-lat2w:group.text8.body.div6.div1.l1.w1,1114568.0,Preuzela od NJ,,,,,,,,,,,,,,,,
estlocus1,Latium,"Nam Latium linquens Syrię deserta petisti,",Latium,Latium,42340.0,NČ,urn:cts:croala:marul01.croala754085.croala-lat2w:group.text8.body.div6.div1.l23.w2,1115205.0,Preuzela od NJ,,,,,,,,,,,,,,,,
estlocus1,Syrię,"Nam Latium linquens Syrię deserta petisti,",Syria,Syria,38595.0,NČ,urn:cts:croala:marul01.croala754085.croala-lat2w:group.text8.body.div6.div1.l23.w4,1115214.0,,,,,,,,,,,,,,,,,
estlocus1,Roma,"Cur sint, Roma, tuis tectis pręlata superbis,",Roma,Roma,5214.0,NČ,urn:cts:croala:marul01.croala754085.croala-lat2w:group.text8.body.div6.div1.l27.w3,1115317.0,Preuzela od NJ,,,,,,,,,,,,,,,,
estlocus1,Solymis,"Ossa uiri, Solymis defuncti, Roma recępit:",Solymae,Ierusalem/Hierosolyma/Col. Aelia Capitolina ,38566.0,NČ,urn:cts:croala:marul01.croala754085.croala-lat2w:group.text8.body.div6.div1.l51.w3,1116006.0,,,,,,,,,,,,,,,,,
estlocus1,Roma,"Ossa uiri, Solymis defuncti, Roma recępit:",Roma,Roma,5214.0,NČ,urn:cts:croala:marul01.croala754085.croala-lat2w:group.text8.body.div6.div1.l51.w5,1116018.0,Preuzela od NJ,,,,,,,,,,,,,,,,
estlocus1,Solymis,Christus nanque mori Solymis elegit et idem,Solymae,Ierusalem/Hierosolyma/Col. Aelia Capitolina ,38566.0,NČ,urn:cts:croala:marul01.croala754085.croala-lat2w:group.text8.body.div6.div1.l53.w4,1116073.0,,,,,,,,,,,,,,,,,
estlocus1,Romam,Ecclesię Romam pręstitit esse caput.,Roma,Roma,5214.0,NČ,urn:cts:croala:marul01.croala754085.croala-lat2w:group.text8.body.div6.div1.l54.w2,1116096.0,Preuzela od NJ,,,,,,,,,,,,,,,,
estlocus1,Olympum,Ergo sydereum merito conscendit Olympum,Olympus,sky (celestial dome),38505.0,NČ,urn:cts:croala:marul01.croala754085.croala-lat2w:group.text8.body.div6.div2.l21.w5,1116744.0,,,,,,,,,,,,,,,,,
estlocus3,Insubrum,"Hic postquam Insubrum pręses peruenit ad urbem,",Insubres,Mediolan(i)um,12214.0,NČ,urn:cts:croala:marul01.croala754085.croala-lat2w:group.text8.body.div6.div2.l9.w3,1116369.0,Preuzela od NJ,,,,,,,,,,,,,,,,
estlocus2,Iulęę,"Pręsul Iulęę fuerat Gregorius urbis,",Iuleus,Roma,5214.0,NČ,urn:cts:croala:marul01.croala754085.croala-lat2w:group.text8.body.div6.div4.l1.w2,1117058.0,Preuzela od NJ,,,,,,,,,,,,,,,,
estlocus4,Thuscos,"Nuper petenti tibi ut Francisci Petrarchę, inter Thuscos poetas facundissimi, de beata Maria matre semper uirgine cantilenam suo uernaculo sermone compositam Latinam facerem, negare non potui, licet enim partim ingenii eruditionisque meę paruitas, partim ipsa uertendi difficultas ab eo me non parum dehortarentur. Sunt quippe linguarum proprietates quędam ita natura comparatę ut multa quę in alio idiomate apte, apposite lepideque dicuntur in aliud conuersa degenerare uideantur atque deficere.",Tuscus,Tuscany (Toscana),38596.0,NČ,urn:cts:croala:marul01.croala754085.croala-lat2w:group.text9.body.div1.div1.p1.w8,1117540.0,,,,,,,,,,,,,,,,,
estlocus4,Threicio,"Tam cito Threicio cornu uolat acta sagitta,",Threicius,Thracia,36748.0,NČ,urn:cts:croala:marul01.croala754085.croala-lat2w:group.text9.body.div1.div2.l105.w3,1121878.0,Preuzela od NJ,,,,,,,,,,,,,,,,
estlocus1,Arnus,"Immo ex quo genitum ripis tulit Arnus Ethruscis,",Arnus,Arnus (river),38597.0,NČ,urn:cts:croala:marul01.croala754085.croala-lat2w:group.text9.body.div1.div2.l93.w7,1121530.0,,,,,,,,,,,,,,,,,
estlocus2,Ethruscis,"Immo ex quo genitum ripis tulit Arnus Ethruscis,",Etruscus,Tuscany (Toscana),38596.0,NČ,urn:cts:croala:marul01.croala754085.croala-lat2w:group.text9.body.div1.div2.l93.w8,1121535.0,,,,,,,,,,,,,,,,,
